simulation_id,final_cell_count,biofilm_area,biofilm_thickness,surface_coverage,mean_cluster_size,max_cluster_size,cluster_count,roughness,qs_active_ratio,eps_fraction,time_to_first_cluster,time_to_stable_biofilm
sim_20260430180450_ce766074b6,25,299.9200000000003,182.93971311334843,0.034,2.0,7.0,12,59.80898816844646,0.96,0.04,1,1
sim_20260430180450_12900ef96a,25,299.96000000000026,188.58230171967057,0.04,1.6,4.0,15,54.218328360938685,0.96,0.08,2,15
sim_20260430180450_9de072d2e4,25,312.39500000000027,178.7430362233323,0.034,1.4705882352941178,4.0,17,55.82115062343077,1.0,0.0,1,18
sim_20260430180450_8632cebed3,25,299.9200000000003,182.93971311334843,0.034,2.0,7.0,12,59.80898816844646,0.96,0.04,1,1
sim_20260430180450_88d38b1c05,25,299.96000000000026,188.58230171967057,0.04,1.6,4.0,15,54.218328360938685,0.96,0.08,2,15
sim_20260430180450_55944ccd56,25,312.39500000000027,178.7430362233323,0.034,1.4705882352941178,4.0,17,55.82115062343077,1.0,0.0,1,18
sim_20260430180450_ea40258089,25,299.9200000000003,182.93971311334843,0.034,2.0,7.0,12,59.80898816844646,0.96,0.04,1,1
sim_20260430180450_8023818c2b,25,299.96000000000026,188.58230171967057,0.04,1.6,4.0,15,54.218328360938685,0.96,0.08,2,15
sim_20260430180841_81e42cc22f,26,78.66000000000012,7.008860979654514,0.012,6.0,6.0,1,1.6248752695395732,0.07692307692307693,0.0,1,3
sim_20260430181447_d8c43f54f0,26,78.66000000000012,7.008860979654514,0.012,6.0,6.0,1,1.6248752695395732,0.07692307692307693,0.0,1,3
sim_20260430235648_fb3fe621ca,29,86.99000000000021,6.574587648873745,0.01,6.0,6.0,1,1.315406837393411,0.06896551724137931,0.0,1,2
sim_20260430235648_1730a2a930,28,86.73000000000022,7.022215035756119,0.01,3.0,3.0,2,1.8130946667669887,0.17857142857142858,0.03571428571428571,1,5
sim_20260430235648_f67af8441f,29,86.28000000000023,7.116284646442153,0.012,6.0,6.0,1,1.8330571609580035,0.0,0.0,1,5
sim_20260430235649_2f4b1b46f5,28,86.71000000000022,8.820282223395935,0.01,6.0,6.0,1,2.0068238979267683,0.21428571428571427,0.0,1,5
sim_20260430235649_794598feef,28,86.98000000000022,6.610664665035955,0.01,6.0,6.0,1,1.3468081863763952,0.21428571428571427,0.0,1,2
sim_20260430235649_b5f137884a,30,86.56000000000023,6.583763574165431,0.01,6.0,6.0,1,1.3880363040147887,0.0,0.0,1,1
sim_20260430235649_b99382b1bc,33,86.99000000000021,6.64803884492531,0.01,3.0,4.0,2,1.3996244624662346,0.18181818181818182,0.030303030303030304,1,2
sim_20260430235649_05fd0b6897,27,86.83000000000021,7.4436952593862316,0.012,6.0,6.0,1,1.960504588958845,0.2222222222222222,0.0,1,5
sim_20260430235649_260d136e69,28,86.69000000000023,8.84661586569311,0.012,6.0,6.0,1,2.0475017403146927,0.21428571428571427,0.0,1,5
sim_20260430235649_a51ec0bda8,26,72.40000000000018,7.118046488846886,0.01,5.0,5.0,1,1.5978016814774678,0.0,0.0,1,5
sim_20260430235649_5663f2724c,25,86.15000000000023,9.03816547449415,0.01,6.0,6.0,1,2.544044737185773,0.24,0.04,2,8
sim_20260430235649_243d1a0cbb,28,99.25500000000027,9.846039780858973,0.014,3.5,4.0,2,2.858700022870131,0.25,0.0,2,8
sim_20260430235649_299a964671,26,86.39000000000023,7.995504690050893,0.012,6.0,6.0,1,1.9083929444919956,0.23076923076923078,0.038461538461538464,1,3
sim_20260430235649_788f2e8443,28,86.74000000000022,7.079716452224687,0.01,3.0,3.0,2,1.865929709627781,0.21428571428571427,0.03571428571428571,1,5
sim_20260430235649_19f3f4c3c7,35,86.98000000000022,6.6635446619001755,0.01,3.0,4.0,2,1.3828371662786265,0.17142857142857143,0.0,1,2
sim_20260430235649_925ef1f20d,30,85.77000000000024,8.79588702521346,0.012,6.0,6.0,1,1.9638198731553334,0.2,0.03333333333333333,1,5
sim_20260430235649_99ae5141d7,26,57.75000000000015,3.9356733311583127,0.008,4.0,4.0,1,0.5825771855443914,0.0,0.0,2,8
sim_20260430235650_49d2bbad4e,29,86.98000000000022,6.616711211283956,0.01,6.0,6.0,1,1.361906979489667,0.20689655172413793,0.0,1,2
sim_20260430235650_3d04f134f1,25,86.98000000000022,6.740926126005917,0.01,6.0,6.0,1,1.4039468938877577,0.24,0.0,1,2
sim_20260430235650_390f6c44a7,33,99.92000000000029,9.88047613488746,0.012,7.0,7.0,1,2.1640290607095602,0.21212121212121213,0.0,1,3
sim_20260430235650_fab4dc77eb,34,86.99000000000021,6.538431010428695,0.01,6.0,6.0,1,1.3498671656294252,0.11764705882352941,0.0,1,2
sim_20260430235650_c7f5ca30a2,28,86.77000000000022,6.9862150357561745,0.01,6.0,6.0,1,1.8081231795633763,0.17857142857142858,0.03571428571428571,1,5
sim_20260430235650_6f1e594145,26,86.60000000000022,8.28794022698861,0.012,6.0,6.0,1,2.0792287156972526,0.23076923076923078,0.0,1,1
sim_20260430235650_d042dfb27b,32,86.74000000000022,6.9319695368525345,0.012,3.0,3.0,2,1.794966498213703,0.1875,0.03125,1,5
sim_20260430235650_6f7f041bee,26,86.98000000000022,6.680120457000669,0.01,6.0,6.0,1,1.3606065155697105,0.07692307692307693,0.0,1,2
sim_20260430235650_8e5dd63854,25,71.4100000000002,9.565337578665691,0.008,5.0,5.0,1,2.415600019006972,0.16,0.0,1,1
sim_20260430235650_06898b135a,26,86.76000000000022,9.334657009681052,0.012,6.0,6.0,1,2.148880442411566,0.23076923076923078,0.0,1,3
sim_20260430235650_6742cf948b,26,86.39000000000023,7.995504690050893,0.012,6.0,6.0,1,1.9083929444919956,0.23076923076923078,0.038461538461538464,1,3
sim_20260430235650_6b979704e8,29,86.74000000000022,9.041031435824635,0.012,6.0,6.0,1,1.9961353147545273,0.20689655172413793,0.034482758620689655,1,3
sim_20260430235650_100bdb8716,29,86.20000000000023,7.00469957224297,0.01,6.0,6.0,1,1.5965526357125324,0.20689655172413793,0.0,1,5
sim_20260430235651_d03cb23fc8,25,86.64000000000021,6.649472069500206,0.012,6.0,6.0,1,1.4587071843442825,0.24,0.0,1,13
sim_20260430235651_8ad9ab7f71,27,86.42000000000023,8.849733988528442,0.012,6.0,6.0,1,2.1298179317802757,0.2222222222222222,0.0,1,3
sim_20260430235651_d206cfb80e,26,86.98000000000022,6.680120457000669,0.01,3.0,4.0,2,1.3606065155697105,0.07692307692307693,0.0,1,2
sim_20260430235651_2db94d7264,27,86.41000000000022,9.416017807068982,0.01,6.0,6.0,1,2.335675688854574,0.2222222222222222,0.0,1,3
sim_20260430235651_accf12b13b,25,86.67000000000021,9.285182715841017,0.012,6.0,6.0,1,2.425526316562076,0.24,0.0,1,5
sim_20260430235651_1b1a0a38e7,28,86.44000000000023,9.316760677133686,0.012,6.0,6.0,1,2.0944544948347374,0.21428571428571427,0.0,1,5
sim_20260430235651_266ec204d0,30,86.67000000000021,7.220560788666717,0.01,3.0,3.0,2,1.885647232437087,0.2,0.03333333333333333,1,5
sim_20260430235651_e5a79f5406,33,86.99000000000021,6.707176590247855,0.01,3.0,4.0,2,1.3525839334858238,0.18181818181818182,0.0,1,2
sim_20260430235651_d777c3b905,27,72.40000000000018,7.029653980573869,0.01,5.0,5.0,1,1.562421066784087,0.07407407407407407,0.0,1,5
sim_20260430235651_86f1265c73,29,86.74000000000022,9.041031435824635,0.012,6.0,6.0,1,1.9961353147545273,0.20689655172413793,0.034482758620689655,1,3
sim_20260430235651_6cf395f64b,33,86.99000000000021,6.707176590247855,0.01,3.0,4.0,2,1.3525839334858238,0.18181818181818182,0.0,1,2
sim_20260430235651_e6b1ced7c6,29,86.99000000000021,6.664507453400319,0.01,3.0,4.0,2,1.3778455597987955,0.20689655172413793,0.0,1,2
sim_20260430235652_68fa40c715,26,86.05000000000024,7.1047189841792715,0.01,3.0,3.0,2,1.7151777677917563,0.11538461538461539,0.0,1,5
sim_20260430235652_36b39a51e7,32,86.47000000000023,9.39655584640522,0.01,6.0,6.0,1,2.4678444103096653,0.1875,0.0,1,5
sim_20260430235652_5144396c4b,29,99.78000000000029,9.956958937593356,0.012,7.0,7.0,1,2.4673208936191537,0.2413793103448276,0.0,1,1
sim_20260430235652_c0acc14013,26,86.63000000000022,9.086231595110263,0.01,6.0,6.0,1,2.3107912766003174,0.23076923076923078,0.0,1,5
sim_20260430235652_e523540458,31,86.20000000000023,8.1266182787748,0.012,6.0,6.0,1,2.3587806606402784,0.1935483870967742,0.0,2,8
sim_20260430235652_b9cbac450c,26,86.76000000000022,9.334657009681052,0.012,6.0,6.0,1,2.148880442411566,0.23076923076923078,0.0,1,3
sim_20260430235652_b5e31342d5,26,86.17000000000023,8.836951038368085,0.01,6.0,6.0,1,2.4256364160248625,0.23076923076923078,0.0,1,1
sim_20260430235652_2ec415d240,32,86.60000000000022,6.763827396141693,0.01,6.0,6.0,1,1.376023692021924,0.1875,0.03125,1,1
sim_20260430235652_e862e1fa72,26,86.01000000000023,7.440393427606182,0.012,6.0,6.0,1,1.6768220703191912,0.23076923076923078,0.0,1,5
sim_20260430235652_a6641a9d87,25,86.15000000000023,9.03816547449415,0.01,6.0,6.0,1,2.544044737185773,0.24,0.04,2,8
sim_20260430235652_f285d22ff7,25,86.66000000000022,6.569403658655517,0.01,6.0,6.0,1,1.3858218688343626,0.24,0.0,1,11
sim_20260430235652_c0a4e4b51d,26,100.55000000000027,9.950049479040075,0.014,7.0,7.0,1,2.1817763345055585,0.2692307692307692,0.0,1,2
sim_20260430235652_11dee61dc0,32,86.99000000000021,6.69953766030477,0.01,3.0,4.0,2,1.3872233971300318,0.1875,0.0,1,2
sim_20260430235652_9835a0ca77,32,100.51000000000028,9.833696958033869,0.012,3.5,4.0,2,2.222608034207796,0.21875,0.03125,1,2
sim_20260430235653_981935d011,26,86.67000000000021,8.182483205999347,0.012,6.0,6.0,1,2.1226750029918535,0.23076923076923078,0.0,1,5
sim_20260430235653_32123ad7e4,35,100.35000000000028,9.927320626442594,0.014,7.0,7.0,1,2.37681406946087,0.2,0.02857142857142857,1,3
sim_20260430235653_0eacc8f524,27,86.58000000000023,7.379717244689601,0.012,6.0,6.0,1,1.639920291374463,0.2222222222222222,0.0,1,3
sim_20260430235653_c3d427bf64,26,85.90000000000023,9.778857914846895,0.01,6.0,6.0,1,2.647676195084137,0.23076923076923078,0.038461538461538464,1,1
sim_20260430235653_bc1db1c409,26,57.75000000000015,3.9356733311583127,0.008,2.0,2.0,2,0.5825771855443914,0.0,0.0,2,8
sim_20260430235653_eab3fad458,35,86.60000000000022,6.653854450666444,0.012,6.0,6.0,1,1.3924519091997203,0.17142857142857143,0.0,1,1
sim_20260430235653_fed3cf3dfd,25,86.98000000000022,6.740926126005917,0.01,6.0,6.0,1,1.4039468938877577,0.24,0.0,1,2
sim_20260430235653_a81997137c,33,99.92000000000029,9.88047613488746,0.012,7.0,7.0,1,2.1640290607095602,0.21212121212121213,0.0,1,3
sim_20260430235653_579cf0220c,27,86.20000000000023,7.052857973132745,0.012,6.0,6.0,1,1.6228537647308539,0.2222222222222222,0.0,1,3
sim_20260430235653_c917d68d4b,29,86.21000000000024,8.734475746507911,0.01,6.0,6.0,1,2.3054393650919955,0.20689655172413793,0.0,1,1
sim_20260430235653_575fe8bdda,32,86.56000000000023,6.588303279386309,0.01,6.0,6.0,1,1.172716898612677,0.1875,0.0,1,1
sim_20260430235653_54d5f9f76c,28,86.99000000000021,6.605831574959012,0.01,6.0,6.0,1,1.3266238777438866,0.21428571428571427,0.0,1,2
sim_20260430235653_eb0cb7848f,32,86.56000000000023,6.676213522311741,0.012,6.0,6.0,1,1.4234798010922898,0.1875,0.0,1,1
sim_20260430235654_7cc8627eb4,30,86.03000000000023,8.920437427678735,0.012,6.0,6.0,1,2.52011824019876,0.2,0.0,1,1
sim_20260430235654_9e54543280,26,86.56000000000023,9.768423723234065,0.01,3.0,3.0,2,2.6154366842253545,0.23076923076923078,0.0,1,5
sim_20260430235654_ba585254b0,26,86.79000000000022,7.485177066240368,0.01,3.0,3.0,2,1.907155009509955,0.23076923076923078,0.0,1,5
sim_20260430235654_8b7576df42,25,86.56000000000023,9.762963977506018,0.01,6.0,6.0,1,2.618024369744965,0.24,0.0,1,5
sim_20260430235654_5d794543b0,25,85.93000000000023,8.911484235154376,0.01,6.0,6.0,1,2.337110414751139,0.24,0.0,1,1
sim_20260430235654_0574f23522,26,86.17000000000023,8.836951038368085,0.01,6.0,6.0,1,2.4256364160248625,0.23076923076923078,0.0,1,1
sim_20260430235654_641a155d43,26,86.99000000000021,6.4416383974210305,0.01,3.0,4.0,2,1.2915707842580744,0.23076923076923078,0.0,1,2
sim_20260430235654_eec7949e2d,27,86.60000000000022,9.05763787428262,0.01,3.0,3.0,2,2.387021255025585,0.2222222222222222,0.0,1,5
sim_20260430235654_42de05a1e6,27,86.83000000000021,7.4436952593862316,0.012,3.0,3.0,2,1.960504588958845,0.2222222222222222,0.0,1,5
sim_20260430235654_1cc77ef2c2,34,86.56000000000023,6.597906607570167,0.01,6.0,6.0,1,1.350860999381124,0.17647058823529413,0.0,1,1
sim_20260430235654_1d59ef714f,26,85.90000000000023,9.778857914846895,0.012,6.0,6.0,1,2.647676195084137,0.23076923076923078,0.038461538461538464,1,1
sim_20260430235654_be530ba5fc,26,57.75000000000015,3.9356733311583127,0.008,4.0,4.0,1,0.5825771855443914,0.0,0.0,2,8
sim_20260430235654_86e5588c13,26,86.68000000000022,6.627869395558321,0.01,6.0,6.0,1,1.2889627398303967,0.23076923076923078,0.038461538461538464,1,10
sim_20260430235654_8b16894d30,30,86.51000000000022,8.455755761532743,0.012,2.0,3.0,3,2.410769998627723,0.2,0.03333333333333333,2,8
sim_20260430235655_7f95b9cb60,32,86.47000000000023,9.39655584640522,0.01,6.0,6.0,1,2.4678444103096653,0.1875,0.0,1,5
sim_20260430235655_4371942b3c,29,99.78000000000029,9.956958937593356,0.012,7.0,7.0,1,2.4673208936191537,0.2413793103448276,0.0,1,1
sim_20260430235655_85f4a48008,33,86.99000000000021,6.707176590247855,0.01,6.0,6.0,1,1.3525839334858238,0.18181818181818182,0.0,1,2
sim_20260430235655_4549b3de57,32,100.51000000000028,9.833696958033869,0.012,3.5,4.0,2,2.222608034207796,0.21875,0.03125,1,2
sim_20260430235655_da7cf6a0c6,28,86.56000000000023,6.5536728990337565,0.01,6.0,6.0,1,1.407672895722265,0.21428571428571427,0.0,1,1
sim_20260430235655_89e76126f0,27,86.49000000000022,9.695558850313375,0.01,6.0,6.0,1,2.46857387423341,0.2222222222222222,0.0,1,5
sim_20260430235655_70e4dd5e9b,29,86.54000000000022,8.583053407215345,0.012,3.0,3.0,2,2.4439628262189537,0.20689655172413793,0.0,2,13
sim_20260430235655_bd8ca99b7e,29,86.78000000000021,7.698099271493163,0.012,6.0,6.0,1,2.044747575355635,0.20689655172413793,0.0,1,5
sim_20260430235655_b48dd0e228,27,86.60000000000022,9.05763787428262,0.01,3.0,3.0,2,2.387021255025585,0.2222222222222222,0.0,1,5
sim_20260430235655_503d39165b,34,86.55000000000022,8.693672467487005,0.012,6.0,6.0,1,2.2726129104220507,0.17647058823529413,0.029411764705882353,1,1
sim_20260430235655_829227bfa8,27,86.60000000000022,9.05763787428262,0.01,3.0,3.0,2,2.387021255025585,0.2222222222222222,0.0,1,5
sim_20260430235655_2ae6751947,31,86.56000000000023,6.645519754292337,0.01,6.0,6.0,1,1.453189823778198,0.1935483870967742,0.03225806451612903,1,1
sim_20260430235655_0f428b9714,31,86.76000000000022,9.27265861425181,0.01,6.0,6.0,1,2.1414813339483523,0.1935483870967742,0.0,1,3
sim_20260430235655_eaacd7fcf5,26,86.53000000000023,8.676288469545625,0.012,3.0,3.0,2,2.5337288690017123,0.23076923076923078,0.038461538461538464,2,8
sim_20260430235656_d532852455,25,86.66000000000022,6.569403658655517,0.01,3.0,4.0,2,1.3858218688343626,0.24,0.0,1,11
sim_20260430235656_67a7892cfa,32,98.9800000000003,9.901579356447542,0.014,7.0,7.0,1,2.3803574368535743,0.21875,0.0,1,1
sim_20260430235656_42e40f61bc,27,57.75000000000015,3.9767457512808733,0.008,4.0,4.0,1,0.5988618288427106,0.0,0.0,2,8
sim_20260430235656_e036330c5b,29,86.16000000000022,8.819841068116801,0.01,6.0,6.0,1,2.41296952728867,0.20689655172413793,0.034482758620689655,1,1
sim_20260430235656_ede17f3f05,27,86.28000000000023,9.196680882731584,0.01,6.0,6.0,1,2.884817432137474,0.2222222222222222,0.0,2,8
sim_20260430235656_5d2592e1ff,27,86.04000000000023,9.111853886448586,0.012,6.0,6.0,1,2.46840852263637,0.2222222222222222,0.0,2,8
sim_20260430235656_4f8dca3a30,27,86.39000000000023,9.102412685048392,0.01,6.0,6.0,1,2.3441134612001333,0.2222222222222222,0.0,1,3
sim_20260430235656_f1a7cdaf5b,32,100.51000000000028,9.833696958033869,0.012,7.0,7.0,1,2.222608034207796,0.21875,0.03125,1,2
sim_20260430235656_ba912adb24,26,86.05000000000024,7.1047189841792715,0.01,3.0,3.0,2,1.7151777677917563,0.11538461538461539,0.0,1,5
sim_20260430235656_a9d82d5336,32,86.99000000000021,6.69953766030477,0.01,6.0,6.0,1,1.3872233971300318,0.1875,0.0,1,2
sim_20260430235656_34a637e62c,30,86.62000000000022,6.65169615454775,0.01,6.0,6.0,1,1.275351980211083,0.2,0.0,1,1
sim_20260430235656_6a0f6d65ed,26,86.44000000000023,8.681740545490527,0.01,6.0,6.0,1,1.9482923027014376,0.23076923076923078,0.038461538461538464,1,5
sim_20260430235656_010d27669d,29,84.82000000000026,9.046868683636774,0.012,6.0,6.0,1,2.0846893158806212,0.1724137931034483,0.0,1,1
sim_20260430235656_39c98b625e,33,85.18000000000025,8.617394010756868,0.012,6.0,6.0,1,2.151231038477092,0.15151515151515152,0.0,1,1
sim_20260430235657_da0a5ffe18,27,86.55000000000022,8.765484595628635,0.012,6.0,6.0,1,2.293097497158679,0.2222222222222222,0.0,1,1
sim_20260430235657_dd11fcd8cd,29,86.54000000000022,8.583053407215345,0.012,3.0,3.0,2,2.4439628262189537,0.20689655172413793,0.0,2,13
sim_20260430235657_63f0706fbd,25,86.49000000000022,9.758461184374653,0.012,6.0,6.0,1,2.514409540557615,0.24,0.04,1,5
sim_20260430235657_46cf6c21cc,26,86.68000000000022,6.564646340021028,0.01,3.0,4.0,2,1.1890679267559292,0.23076923076923078,0.0,1,10
sim_20260430235657_39f0312541,29,86.28000000000023,7.116284646442153,0.012,6.0,6.0,1,1.8330571609580035,0.0,0.0,1,5
sim_20260430235657_79d2a8c283,27,86.58000000000023,7.379717244689601,0.012,6.0,6.0,1,1.639920291374463,0.2222222222222222,0.0,1,3
sim_20260430235657_11e848b951,29,86.98000000000022,6.616711211283956,0.01,6.0,6.0,1,1.361906979489667,0.20689655172413793,0.0,1,2
sim_20260430235657_bd05c0d760,26,86.68000000000022,6.602803532106776,0.01,6.0,6.0,1,1.2744541878064874,0.23076923076923078,0.038461538461538464,1,10
sim_20260430235657_9c17c5cc85,28,86.98000000000022,6.638116352541886,0.01,6.0,6.0,1,1.4031295247783524,0.21428571428571427,0.0,1,2
sim_20260430235657_5db5029b17,25,86.71000000000022,8.741681337664545,0.012,6.0,6.0,1,1.9856282660942999,0.24,0.0,1,5
sim_20260430235657_113bfeaf5d,26,86.53000000000023,8.676288469545625,0.012,3.0,3.0,2,2.5337288690017123,0.23076923076923078,0.038461538461538464,2,8
sim_20260430235657_f7295a26e1,26,86.72000000000023,8.012203319223147,0.008,3.0,3.0,2,2.066093641737104,0.23076923076923078,0.0,1,5
sim_20260430235657_6d81e9a9d4,29,86.98000000000022,6.629459427217171,0.01,6.0,6.0,1,1.3869463042774546,0.20689655172413793,0.0,1,2
sim_20260430235657_16a4d3b877,27,86.58000000000023,7.379717244689601,0.012,6.0,6.0,1,1.639920291374463,0.2222222222222222,0.0,1,3
sim_20260430235658_d7f2214e9e,25,85.93000000000023,8.911484235154376,0.01,6.0,6.0,1,2.337110414751139,0.24,0.0,1,1
sim_20260430235658_2835e3eee5,32,86.69000000000023,8.927291063907774,0.01,6.0,6.0,1,2.1377939147494396,0.1875,0.0,1,5
sim_20260430235658_c2b0205019,34,86.98000000000022,6.591372661464362,0.01,6.0,6.0,1,1.3589624067602262,0.17647058823529413,0.029411764705882353,1,2
sim_20260430235658_88da57bcb8,34,85.83000000000024,8.119548269804994,0.012,6.0,6.0,1,1.9990186115877016,0.17647058823529413,0.0,1,1
sim_20260430235658_deb4f0cc65,29,86.21000000000024,8.734475746507911,0.01,6.0,6.0,1,2.3054393650919955,0.20689655172413793,0.0,1,1
sim_20260430235658_fcabd0798b,26,57.75000000000015,3.9356733311583127,0.008,4.0,4.0,1,0.5825771855443914,0.0,0.0,2,8
sim_20260430235658_a41426d59f,28,86.79000000000022,7.524385166749369,0.01,3.0,3.0,2,1.942874615132731,0.21428571428571427,0.0,1,5
sim_20260430235658_8451188f69,33,86.56000000000023,6.515540242953051,0.012,6.0,6.0,1,1.3885158598229248,0.0,0.0,1,1
sim_20260430235658_71b44ec70a,29,86.99000000000021,6.574587648873745,0.01,6.0,6.0,1,1.315406837393411,0.06896551724137931,0.0,1,2
sim_20260430235658_d33aa80229,35,100.35000000000028,9.927320626442594,0.014,7.0,7.0,1,2.37681406946087,0.2,0.02857142857142857,1,3
sim_20260430235658_5dc47901bd,29,86.98000000000022,6.652927061064389,0.01,3.0,4.0,2,1.3690031859166587,0.20689655172413793,0.0,1,2
sim_20260430235658_5e4ebecfa2,27,72.40000000000018,7.029653980573869,0.01,2.5,3.0,2,1.562421066784087,0.07407407407407407,0.0,1,5
sim_20260430235658_a5fed25511,34,86.99000000000021,6.538431010428695,0.01,3.0,4.0,2,1.3498671656294252,0.11764705882352941,0.0,1,2
sim_20260430235658_f9893b4c8e,32,86.74000000000022,6.9319695368525345,0.012,3.0,3.0,2,1.794966498213703,0.1875,0.03125,1,5
sim_20260430235659_1d57d25da7,32,86.99000000000021,6.69953766030477,0.01,3.0,4.0,2,1.3872233971300318,0.1875,0.0,1,2
sim_20260430235659_323eaab40c,32,86.60000000000022,6.763827396141693,0.01,3.0,4.0,2,1.376023692021924,0.1875,0.03125,1,1
sim_20260430235659_9dcb809886,33,86.56000000000023,6.515540242953051,0.012,6.0,6.0,1,1.3885158598229248,0.0,0.0,1,1
sim_20260430235659_e68e9ea7f2,28,86.77000000000022,6.9862150357561745,0.01,3.0,3.0,2,1.8081231795633763,0.17857142857142858,0.03571428571428571,1,5
sim_20260430235659_2efd1136c8,28,86.77000000000022,6.995632673463433,0.012,6.0,6.0,1,1.8025508869729363,0.21428571428571427,0.03571428571428571,1,5
sim_20260430235659_4f5e193d70,25,100.14000000000027,9.965603917589675,0.014,7.0,7.0,1,2.142634983621716,0.28,0.0,1,5
sim_20260430235659_dd211ab86e,26,86.78000000000021,7.685575945684775,0.012,3.0,3.0,2,1.9743181842797455,0.23076923076923078,0.0,1,5
sim_20260430235659_e7aa55db4e,26,86.21000000000024,8.859797009081717,0.012,6.0,6.0,1,2.3234177693413325,0.23076923076923078,0.0,1,1
sim_20260430235659_1461206a20,26,86.71000000000022,8.631843275454571,0.012,6.0,6.0,1,2.2822730616490268,0.23076923076923078,0.0,1,5
sim_20260430235659_92a06456cb,26,86.98000000000022,6.654309751399836,0.01,3.0,4.0,2,1.383190662687734,0.23076923076923078,0.0,1,2
sim_20260430235659_595ebb3043,26,86.43000000000022,8.030925100584511,0.012,6.0,6.0,1,1.7900320599843231,0.23076923076923078,0.0,1,5
sim_20260430235659_8ed981b321,26,86.99000000000021,6.4710244875140575,0.01,3.0,4.0,2,1.2812657237317684,0.23076923076923078,0.0,1,2
sim_20260430235659_4614060b8f,29,86.73000000000022,6.977878264184142,0.01,3.0,3.0,2,1.8078682855640404,0.0,0.0,1,5
sim_20260430235659_4d23f83559,26,57.75000000000015,3.9356733311583127,0.008,4.0,4.0,1,0.5825771855443914,0.0,0.0,2,8
sim_20260430235700_45328e05f2,26,86.72000000000023,8.012203319223147,0.008,6.0,6.0,1,2.066093641737104,0.23076923076923078,0.0,1,5
sim_20260430235700_933f4b0e09,31,86.56000000000023,6.614502781833721,0.012,6.0,6.0,1,1.3855269592495318,0.1935483870967742,0.03225806451612903,1,1
sim_20260430235700_2a62d3fb12,26,86.68000000000022,8.210203319223211,0.008,3.0,3.0,2,2.0896773247973424,0.23076923076923078,0.0,1,5
sim_20260430235700_d2318bc758,26,86.68000000000022,6.692789810390877,0.01,3.0,4.0,2,1.2433929044090957,0.0,0.0,1,10
sim_20260430235700_3c5bf87d42,29,86.54000000000022,8.583053407215345,0.012,6.0,6.0,1,2.4439628262189537,0.20689655172413793,0.0,2,13
sim_20260430235700_5d7c4188e1,31,86.76000000000022,9.27265861425181,0.01,6.0,6.0,1,2.1414813339483523,0.1935483870967742,0.0,1,3
sim_20260430235700_e26e3f5efc,32,86.74000000000022,6.9319695368525345,0.012,6.0,6.0,1,1.794966498213703,0.1875,0.03125,1,5
sim_20260430235700_8052bb6a18,32,86.56000000000023,6.676213522311741,0.012,6.0,6.0,1,1.4234798010922898,0.1875,0.0,1,1
sim_20260430235700_eca0593244,30,86.67000000000021,7.220560788666717,0.01,3.0,3.0,2,1.885647232437087,0.2,0.03333333333333333,1,5
sim_20260430235700_568fa6f132,26,85.90000000000023,9.778857914846895,0.012,6.0,6.0,1,2.647676195084137,0.23076923076923078,0.038461538461538464,1,1
sim_20260430235700_58962ec66d,32,100.51000000000028,9.833696958033869,0.012,7.0,7.0,1,2.222608034207796,0.21875,0.03125,1,2
sim_20260430235700_644221d546,25,86.28000000000023,9.207668749886324,0.01,6.0,6.0,1,2.7873386736349937,0.24,0.0,2,8
sim_20260430235701_74733ac677,29,86.28000000000023,9.156219253681996,0.012,6.0,6.0,1,2.8059166578786026,0.20689655172413793,0.0,2,8
sim_20260430235701_486846948a,35,86.56000000000023,6.546773423314846,0.012,6.0,6.0,1,1.4063863925774802,0.05714285714285714,0.0,1,1
sim_20260430235701_56cae1b49c,25,86.98000000000022,6.781592179667371,0.01,6.0,6.0,1,1.4142879809205782,0.24,0.0,1,2
sim_20260430235701_917450050f,30,86.60000000000022,8.354657217528029,0.012,6.0,6.0,1,2.0908806829426148,0.2,0.03333333333333333,1,1
sim_20260430235701_520e0dde69,26,86.79000000000022,7.521802564628814,0.01,6.0,6.0,1,1.9489354978458158,0.23076923076923078,0.0,1,5
sim_20260430235701_f0f806b7d9,30,86.56000000000023,6.6283140232259825,0.012,6.0,6.0,1,1.4254987798262055,0.06666666666666667,0.0,1,1
sim_20260430235701_c7733584de,27,86.55000000000022,8.765484595628635,0.012,6.0,6.0,1,2.293097497158679,0.2222222222222222,0.0,1,1
sim_20260430235701_408e2e3ae6,29,86.98000000000022,6.652927061064389,0.01,3.0,4.0,2,1.3690031859166587,0.20689655172413793,0.0,1,2
sim_20260430235701_d70beccb8c,32,86.99000000000021,6.533163351716524,0.012,3.0,4.0,2,1.3705989997978965,0.1875,0.03125,1,2
sim_20260430235701_67583b8d4e,35,86.98000000000022,6.580883237587528,0.01,6.0,6.0,1,1.396290128362124,0.11428571428571428,0.02857142857142857,1,2
sim_20260430235701_a85ab0ae54,32,86.56000000000023,6.676213522311741,0.012,6.0,6.0,1,1.4234798010922898,0.1875,0.0,1,1
sim_20260430235701_a5cbd94307,29,86.99000000000021,6.5869415999797525,0.01,3.0,4.0,2,1.3461909357435502,0.20689655172413793,0.0,1,2
sim_20260430235701_cfa4084054,26,86.98000000000022,6.692789810390877,0.01,3.0,4.0,2,1.35450810950154,0.0,0.0,1,2
sim_20260430235702_67e9d430ba,29,100.13000000000028,9.805733773539572,0.012,7.0,7.0,1,2.4953699424841047,0.2413793103448276,0.0,1,3
sim_20260430235702_677e09b39c,25,71.54000000000019,6.910324628678666,0.01,5.0,5.0,1,1.5786560702663215,0.12,0.0,1,5
sim_20260430235702_ae7fbad050,25,86.98000000000022,6.781592179667371,0.01,6.0,6.0,1,1.4142879809205782,0.24,0.0,1,2
sim_20260430235702_16f19cf8e0,25,85.60000000000025,8.602262554362085,0.012,6.0,6.0,1,1.9333583984974125,0.2,0.0,1,3
sim_20260430235702_712a15e11c,34,86.98000000000022,6.599472890820465,0.01,3.0,4.0,2,1.3547472185790095,0.17647058823529413,0.029411764705882353,1,2
sim_20260430235702_cf8eb2c74d,26,86.44000000000023,8.681740545490527,0.01,6.0,6.0,1,1.9482923027014376,0.23076923076923078,0.038461538461538464,1,5
sim_20260430235702_50d96b3308,29,86.74000000000022,9.041031435824635,0.012,6.0,6.0,1,1.9961353147545273,0.20689655172413793,0.034482758620689655,1,3
sim_20260430235702_e31feb2fd2,35,86.98000000000022,6.580883237587528,0.01,3.0,4.0,2,1.396290128362124,0.11428571428571428,0.02857142857142857,1,2
sim_20260430235702_ad8ba760c2,27,86.76000000000022,9.325047345272282,0.012,6.0,6.0,1,2.1276883573824374,0.2222222222222222,0.0,1,3
sim_20260430235702_21d72d008c,25,100.14000000000027,9.965603917589675,0.014,7.0,7.0,1,2.142634983621716,0.28,0.0,1,5
sim_20260430235702_25a63517da,29,86.54000000000022,8.63382609840474,0.012,6.0,6.0,1,2.4559272166074004,0.20689655172413793,0.034482758620689655,2,13
sim_20260430235702_1616504783,27,72.40000000000018,7.029653980573869,0.01,2.5,3.0,2,1.562421066784087,0.07407407407407407,0.0,1,5
sim_20260430235703_e4e289c167,29,86.71000000000022,8.806856605738972,0.01,6.0,6.0,1,2.0226577210762695,0.20689655172413793,0.0,1,5
sim_20260430235703_a6a30f202a,35,86.98000000000022,6.6635446619001755,0.01,6.0,6.0,1,1.3828371662786265,0.17142857142857143,0.0,1,2
sim_20260430235703_b11c8bd389,29,86.54000000000022,8.63382609840474,0.012,3.0,3.0,2,2.4559272166074004,0.20689655172413793,0.034482758620689655,2,13
sim_20260430235703_0d696e6048,25,86.98000000000022,6.740926126005917,0.01,3.0,4.0,2,1.4039468938877577,0.24,0.0,1,2
sim_20260430235703_1e7cb036ac,28,86.20000000000023,8.165963480709763,0.01,6.0,6.0,1,2.346415042535079,0.21428571428571427,0.0,2,8
sim_20260430235703_b5fe58ba1b,27,57.75000000000015,3.9767457512808733,0.008,4.0,4.0,1,0.5988618288427106,0.0,0.0,2,8
sim_20260430235703_6488b1e684,31,86.56000000000023,6.645519754292337,0.01,6.0,6.0,1,1.453189823778198,0.1935483870967742,0.03225806451612903,1,1
sim_20260430235703_712cd18138,29,86.16000000000022,8.819841068116801,0.01,6.0,6.0,1,2.41296952728867,0.20689655172413793,0.034482758620689655,1,1
sim_20260430235703_7eb6cc1f62,27,85.80000000000024,9.048179728906092,0.012,6.0,6.0,1,2.014085606128225,0.2222222222222222,0.0,1,5
sim_20260430235703_86800f628d,27,57.75000000000015,3.9767457512808733,0.008,2.0,2.0,2,0.5988618288427106,0.0,0.0,2,8
sim_20260430235703_e5aa605eb1,26,86.99000000000021,6.692789810390877,0.01,6.0,6.0,1,1.3223439528634309,0.0,0.0,1,2
sim_20260430235703_f48dea803f,25,86.83000000000021,7.448818017254524,0.012,3.0,3.0,2,1.9467844446311613,0.24,0.0,1,5
sim_20260430235704_badc4a9d33,27,86.76000000000022,9.325047345272282,0.012,6.0,6.0,1,2.1276883573824374,0.2222222222222222,0.0,1,3
sim_20260430235704_e7a97a9c9b,28,86.43000000000022,8.083187361394238,0.012,6.0,6.0,1,1.7950783595159834,0.21428571428571427,0.0,1,5
sim_20260430235704_bc4e975cc1,30,86.43000000000022,8.867572520016154,0.012,6.0,6.0,1,2.0905448668990743,0.2,0.0,1,3
sim_20260430235704_54cbdf3633,25,86.74000000000022,7.488380793917884,0.012,6.0,6.0,1,1.9158688735766116,0.24,0.0,1,5
sim_20260430235704_7c65d9aa98,26,86.67000000000021,8.182483205999347,0.012,6.0,6.0,1,2.1226750029918535,0.23076923076923078,0.0,1,5
sim_20260430235704_7bc444adce,31,86.63000000000022,9.47125252936388,0.01,6.0,6.0,1,2.524109560047924,0.1935483870967742,0.0,1,5
sim_20260430235704_8fe9203677,29,86.28000000000023,7.116284646442153,0.012,3.0,3.0,2,1.8330571609580035,0.0,0.0,1,5
sim_20260430235704_e4047b025b,28,86.74000000000022,7.079716452224687,0.01,6.0,6.0,1,1.865929709627781,0.21428571428571427,0.03571428571428571,1,5
sim_20260430235704_b273b60432,29,86.28000000000023,7.116284646442153,0.012,3.0,3.0,2,1.8330571609580035,0.0,0.0,1,5
sim_20260430235704_ad83ee4c55,29,84.82000000000026,9.046868683636774,0.012,6.0,6.0,1,2.0846893158806212,0.1724137931034483,0.0,1,1
sim_20260430235704_96122d4464,30,86.53000000000023,9.24781227522277,0.01,6.0,6.0,1,2.4628339939978017,0.2,0.0,1,3
sim_20260430235704_f018813bda,29,86.20000000000023,7.00469957224297,0.01,6.0,6.0,1,1.5965526357125324,0.20689655172413793,0.0,1,5
sim_20260430235704_3e5ca8f055,33,99.92000000000029,9.88047613488746,0.012,7.0,7.0,1,2.1640290607095602,0.21212121212121213,0.0,1,3
sim_20260430235704_6b6890bba7,26,86.20000000000023,8.17754821345153,0.008,6.0,6.0,1,2.344198031356587,0.23076923076923078,0.038461538461538464,2,8
sim_20260430235705_cd2a0b497c,26,86.99000000000021,6.4416383974210305,0.01,6.0,6.0,1,1.2915707842580744,0.23076923076923078,0.0,1,2
sim_20260430235705_5677817ea4,27,86.55000000000022,8.765484595628635,0.012,6.0,6.0,1,2.293097497158679,0.2222222222222222,0.0,1,1
sim_20260430235705_3074315043,30,86.03000000000023,8.920437427678735,0.012,6.0,6.0,1,2.52011824019876,0.2,0.0,1,1
sim_20260430235705_6a5ad84205,26,86.71000000000022,8.631843275454571,0.012,6.0,6.0,1,2.2822730616490268,0.23076923076923078,0.0,1,5
sim_20260430235705_8c57c02f2c,26,86.99000000000021,6.4416383974210305,0.01,3.0,4.0,2,1.2915707842580744,0.23076923076923078,0.0,1,2
sim_20260430235705_b023836b5d,29,86.98000000000022,6.629459427217171,0.01,3.0,4.0,2,1.3869463042774546,0.20689655172413793,0.0,1,2
sim_20260430235705_222c34691c,26,86.63000000000022,9.086231595110263,0.01,3.0,3.0,2,2.3107912766003174,0.23076923076923078,0.0,1,5
sim_20260430235705_586eddb6e1,26,86.68000000000022,6.692789810390877,0.01,3.0,4.0,2,1.2433929044090957,0.0,0.0,1,10
sim_20260430235705_ca0d50e632,28,86.28000000000023,7.034428644662995,0.012,6.0,6.0,1,1.7929581501598517,0.07142857142857142,0.0,1,5
sim_20260430235705_61cee947cc,29,86.21000000000024,8.734475746507911,0.01,6.0,6.0,1,2.3054393650919955,0.20689655172413793,0.0,1,1
sim_20260430235705_b07345aa47,25,86.54000000000022,9.089275729788113,0.012,6.0,6.0,1,2.2598029716670722,0.24,0.04,1,3
sim_20260430235705_f8086054c0,27,86.31000000000023,9.330235255984036,0.012,3.0,3.0,2,2.5821522220625437,0.2222222222222222,0.0,2,8
sim_20260430235705_1fba0af342,28,86.98000000000022,6.638116352541886,0.01,6.0,6.0,1,1.4031295247783524,0.21428571428571427,0.0,1,2
sim_20260430235705_68884a696e,34,86.99000000000021,6.538431010428695,0.01,6.0,6.0,1,1.3498671656294252,0.11764705882352941,0.0,1,2
sim_20260430235706_ee59e1ae5d,29,84.60000000000026,9.303631956541182,0.012,6.0,6.0,1,2.1976067719144647,0.06896551724137931,0.0,1,1
sim_20260430235706_30a5575975,26,86.67000000000021,7.962092488551463,0.012,6.0,6.0,1,2.0742290832517543,0.23076923076923078,0.0,1,5
sim_20260430235706_e84448bcac,26,86.39000000000023,7.995504690050893,0.012,6.0,6.0,1,1.9083929444919956,0.23076923076923078,0.038461538461538464,1,3
sim_20260430235706_23fd7b34ba,27,86.41000000000022,9.416017807068982,0.01,6.0,6.0,1,2.335675688854574,0.2222222222222222,0.0,1,3
sim_20260430235706_ac7d6a948b,26,57.75000000000015,3.9356733311583127,0.008,4.0,4.0,1,0.5825771855443914,0.0,0.0,2,8
sim_20260430235706_2735c9596e,31,86.63000000000022,9.47125252936388,0.01,6.0,6.0,1,2.524109560047924,0.1935483870967742,0.0,1,5
sim_20260430235706_d0b5dacbdf,26,86.67000000000021,8.182483205999347,0.012,6.0,6.0,1,2.1226750029918535,0.23076923076923078,0.0,1,5
sim_20260430235706_16db2db935,32,98.9800000000003,9.901579356447542,0.014,7.0,7.0,1,2.3803574368535743,0.21875,0.0,1,1
sim_20260430235706_9c21bd4639,25,86.57000000000022,7.478006746119263,0.012,6.0,6.0,1,1.5857320336232028,0.24,0.0,1,3
sim_20260430235706_d4a4fd54a0,33,86.25000000000023,6.628879229020612,0.012,6.0,6.0,1,1.4456271261166886,0.18181818181818182,0.0,1,3
sim_20260501000416_c66943de06,28,86.73000000000022,7.022215035756119,0.01,3.0,3.0,2,1.8130946667669887,0.17857142857142858,0.03571428571428571,1,5
sim_20260501000416_8eaab52c5f,26,86.76000000000022,9.334657009681052,0.012,6.0,6.0,1,2.148880442411566,0.23076923076923078,0.0,1,3
sim_20260501000416_d5a7091166,25,86.98000000000022,6.644863736618788,0.01,6.0,6.0,1,1.3692670870559869,0.24,0.0,1,2
sim_20260501000416_a5481eec90,29,86.69000000000023,6.998469270005501,0.012,6.0,6.0,1,1.8170532823743015,0.20689655172413793,0.0,1,5
sim_20260501000416_874c95486f,35,100.35000000000028,9.927320626442594,0.014,7.0,7.0,1,2.37681406946087,0.2,0.02857142857142857,1,3
sim_20260501000416_58a467fe8b,34,86.98000000000022,6.591372661464362,0.01,6.0,6.0,1,1.3589624067602262,0.17647058823529413,0.029411764705882353,1,2
sim_20260501000416_9b7175d9ed,26,86.98000000000022,6.632024172023563,0.01,3.0,4.0,2,1.3411263315446187,0.23076923076923078,0.0,1,2
sim_20260501000416_0e28dbed8d,30,86.43000000000022,8.867572520016154,0.012,6.0,6.0,1,2.0905448668990743,0.2,0.0,1,3
sim_20260501000416_f05bec4ac6,32,86.69000000000023,8.927291063907774,0.01,6.0,6.0,1,2.1377939147494396,0.1875,0.0,1,5
sim_20260501000417_a5ff4db21d,28,86.99000000000021,6.605831574959012,0.01,3.0,4.0,2,1.3266238777438866,0.21428571428571427,0.0,1,2
sim_20260501000417_b94e060dd8,32,86.73000000000022,6.956018540792456,0.012,6.0,6.0,1,1.8450797689616,0.1875,0.03125,1,5
sim_20260501000417_065dcf2a1b,29,86.98000000000022,6.616711211283956,0.01,6.0,6.0,1,1.361906979489667,0.20689655172413793,0.0,1,2
sim_20260501000417_f46fc2e8ba,32,86.69000000000023,8.927291063907774,0.01,6.0,6.0,1,2.1377939147494396,0.1875,0.0,1,5
sim_20260501000417_d248dbd0b8,26,86.68000000000022,6.692789810390877,0.01,3.0,4.0,2,1.2433929044090957,0.0,0.0,1,10
sim_20260501000417_60a6d62c48,27,86.60000000000022,9.05763787428262,0.01,3.0,3.0,2,2.387021255025585,0.2222222222222222,0.0,1,5
sim_20260501000417_0e4f68a01a,28,86.28000000000023,7.034428644662995,0.012,6.0,6.0,1,1.7929581501598517,0.07142857142857142,0.0,1,5
sim_20260501000417_572da2976a,25,86.54000000000022,8.603859606581352,0.012,3.0,3.0,2,2.484365534724332,0.24,0.0,2,13
sim_20260501000417_d2cb2484a3,33,86.99000000000021,6.64803884492531,0.01,6.0,6.0,1,1.3996244624662346,0.18181818181818182,0.030303030303030304,1,2
sim_20260501000417_349dbff1cd,26,86.44000000000023,8.681740545490527,0.01,6.0,6.0,1,1.9482923027014376,0.23076923076923078,0.038461538461538464,1,5
sim_20260501000417_1858136f86,28,86.20000000000023,8.165963480709763,0.01,6.0,6.0,1,2.346415042535079,0.21428571428571427,0.0,2,8
sim_20260501000417_cfb1635ea3,33,99.92000000000029,9.88047613488746,0.012,7.0,7.0,1,2.1640290607095602,0.21212121212121213,0.0,1,3
sim_20260501000417_5a155bedd9,25,71.4100000000002,9.565337578665691,0.008,5.0,5.0,1,2.415600019006972,0.16,0.0,1,1
sim_20260501000418_65c30485e7,30,86.99000000000021,6.583763574165431,0.01,3.0,4.0,2,1.324726945364155,0.0,0.0,1,2
sim_20260501000418_6d2cfef4e2,31,86.56000000000023,6.614502781833721,0.012,6.0,6.0,1,1.3855269592495318,0.1935483870967742,0.03225806451612903,1,1
sim_20260501000418_a81e4e885e,28,86.44000000000023,9.316760677133686,0.012,6.0,6.0,1,2.0944544948347374,0.21428571428571427,0.0,1,5
sim_20260501000418_ac22dc07f3,25,86.82000000000022,7.383264129254599,0.008,6.0,6.0,1,1.947532746474198,0.24,0.0,1,5
sim_20260501000418_2fae674b39,32,86.39000000000023,9.93463792423944,0.012,6.0,6.0,1,2.657364808644481,0.1875,0.0,1,5
sim_20260501000418_c18479b4f0,25,86.44000000000023,8.593386299146744,0.01,6.0,6.0,1,1.9010866567627034,0.24,0.0,1,5
sim_20260501000418_a838915b32,26,85.90000000000023,9.778857914846895,0.01,6.0,6.0,1,2.647676195084137,0.23076923076923078,0.038461538461538464,1,1
sim_20260501000418_59cd5618cc,26,57.75000000000015,3.9356733311583127,0.008,2.0,2.0,2,0.5825771855443914,0.0,0.0,2,8
sim_20260501000418_24d86df009,28,86.78000000000021,7.546016610561935,0.012,3.0,3.0,2,2.0221180077486376,0.21428571428571427,0.0,1,5
sim_20260501000418_b60d6750f3,25,85.68000000000023,9.528753940857882,0.008,6.0,6.0,1,2.468133748484937,0.24,0.0,1,1
sim_20260501000418_5388dd096e,30,86.56000000000023,6.634527061469555,0.01,6.0,6.0,1,1.3787985187717298,0.2,0.0,1,1
sim_20260501000418_fa7b5e1e23,27,57.75000000000015,3.9767457512808733,0.008,4.0,4.0,1,0.5988618288427106,0.0,0.0,2,8
sim_20260501000418_9cfcf32d4e,30,86.56000000000023,6.634527061469555,0.01,6.0,6.0,1,1.3787985187717298,0.2,0.0,1,1
sim_20260501000418_e7f84d8608,32,86.82000000000022,7.4161040821301185,0.01,3.0,3.0,2,1.9750096200340483,0.1875,0.0,1,5
sim_20260501000419_f5cafff08f,33,100.56000000000027,9.729702369781421,0.012,7.0,7.0,1,2.1042524605433117,0.21212121212121213,0.0,1,2
sim_20260501000419_c1c016c33e,25,86.68000000000022,8.125491232355557,0.008,3.0,3.0,2,2.0266794056468114,0.24,0.04,1,5
sim_20260501000419_f6bf3b39ec,25,86.67000000000021,9.285182715841017,0.012,6.0,6.0,1,2.425526316562076,0.24,0.0,1,5
sim_20260501000419_1e126649e4,25,86.49000000000022,9.758461184374653,0.012,6.0,6.0,1,2.514409540557615,0.24,0.04,1,5
sim_20260501000419_a0d237fdf8,25,71.54000000000019,6.910324628678666,0.01,5.0,5.0,1,1.5786560702663215,0.12,0.0,1,5
sim_20260501000419_da0b0ef3c5,29,85.81000000000024,7.792825219154906,0.012,6.0,6.0,1,1.7009196990138962,0.20689655172413793,0.0,1,5
sim_20260501000419_2bde4732f0,25,100.68000000000026,9.929946320562294,0.012,7.0,7.0,1,2.217272055175881,0.28,0.0,1,2
sim_20260501000419_ea8a7f56cf,32,86.69000000000023,8.927291063907774,0.01,6.0,6.0,1,2.1377939147494396,0.1875,0.0,1,5
sim_20260501000419_9ff37dc6e5,31,86.99000000000021,6.712977221889474,0.01,3.0,4.0,2,1.3996251002248412,0.1935483870967742,0.03225806451612903,1,2
sim_20260501000419_f8243605b1,29,86.53000000000023,8.624386024277129,0.012,6.0,6.0,1,2.4705343896811334,0.20689655172413793,0.0,2,8
sim_20260501000419_dbc98c647c,26,86.68000000000022,6.692789810390877,0.01,3.0,4.0,2,1.2433929044090957,0.0,0.0,1,10
sim_20260501000420_287368ba10,26,86.67000000000021,7.962092488551463,0.012,6.0,6.0,1,2.0742290832517543,0.23076923076923078,0.0,1,5
sim_20260501000420_9f539f860c,29,100.13000000000028,9.805733773539572,0.012,7.0,7.0,1,2.4953699424841047,0.2413793103448276,0.0,1,3
sim_20260501000420_ad1faf64f3,26,57.75000000000015,3.9356733311583127,0.008,4.0,4.0,1,0.5825771855443914,0.0,0.0,2,8
sim_20260501000420_c5d123852c,27,86.39000000000023,9.102412685048392,0.01,6.0,6.0,1,2.3441134612001333,0.2222222222222222,0.0,1,3
sim_20260501000420_375bb52a7b,29,86.99000000000021,6.5869415999797525,0.01,3.0,4.0,2,1.3461909357435502,0.20689655172413793,0.0,1,2
sim_20260501000420_257a8ebd13,29,86.98000000000022,6.557564315026212,0.01,3.0,4.0,2,1.3712071901270573,0.06896551724137931,0.034482758620689655,1,2
sim_20260501000420_5ad257fb8c,29,86.73000000000022,6.977878264184142,0.01,6.0,6.0,1,1.8078682855640404,0.0,0.0,1,5
sim_20260501000420_33fc265c2c,27,85.80000000000024,9.048179728906092,0.012,6.0,6.0,1,2.014085606128225,0.2222222222222222,0.0,1,5
sim_20260501000420_fbd8e90aac,26,86.98000000000022,6.692789810390877,0.01,3.0,4.0,2,1.35450810950154,0.0,0.0,1,2
sim_20260501000420_fe16ce6e15,30,86.56000000000023,6.583763574165431,0.01,6.0,6.0,1,1.3880363040147887,0.0,0.0,1,1
sim_20260501000420_ba2a41897a,26,86.72000000000023,8.012203319223147,0.008,6.0,6.0,1,2.066093641737104,0.23076923076923078,0.0,1,5
sim_20260501000420_f224757550,26,86.39000000000023,7.995504690050893,0.012,6.0,6.0,1,1.9083929444919956,0.23076923076923078,0.038461538461538464,1,3
sim_20260501000421_76822b46dc,27,86.83000000000021,7.4436952593862316,0.012,3.0,3.0,2,1.960504588958845,0.2222222222222222,0.0,1,5
sim_20260501000421_ef7f57d3fa,25,86.39000000000023,9.182926778596311,0.012,6.0,6.0,1,2.338166910824214,0.24,0.0,1,3
sim_20260501000421_4626fd2602,32,86.56000000000023,6.644313737965575,0.012,6.0,6.0,1,1.3711589450474384,0.1875,0.0625,1,1
sim_20260501000421_e5b63c00b9,29,86.28000000000023,7.116284646442153,0.012,6.0,6.0,1,1.8330571609580035,0.0,0.0,1,5
sim_20260501000421_f55be4e23a,32,86.69000000000023,8.927291063907774,0.01,6.0,6.0,1,2.1377939147494396,0.1875,0.0,1,5
sim_20260501000421_a77d5da866,32,100.51000000000028,9.833696958033869,0.012,7.0,7.0,1,2.222608034207796,0.21875,0.03125,1,2
sim_20260501000421_afcfe6991c,25,86.98000000000022,6.740926126005917,0.01,3.0,4.0,2,1.4039468938877577,0.24,0.0,1,2
sim_20260501000421_55993c2132,29,86.74000000000022,9.041031435824635,0.012,6.0,6.0,1,1.9961353147545273,0.20689655172413793,0.034482758620689655,1,3
sim_20260501000421_adf6dae4ff,29,86.77000000000022,6.941878264184197,0.01,6.0,6.0,1,1.80803810842496,0.0,0.0,1,5
sim_20260501000421_2a51e6a28a,26,57.75000000000015,3.9356733311583127,0.008,2.0,2.0,2,0.5825771855443914,0.0,0.0,2,8
sim_20260501000421_b350dca3b6,26,86.39000000000023,7.995504690050893,0.012,6.0,6.0,1,1.9083929444919956,0.23076923076923078,0.038461538461538464,1,3
sim_20260501000421_692c65a33b,25,86.49000000000022,9.758461184374653,0.012,6.0,6.0,1,2.514409540557615,0.24,0.04,1,5
sim_20260501000422_925f71780d,27,86.31000000000023,9.330235255984036,0.012,3.0,3.0,2,2.5821522220625437,0.2222222222222222,0.0,2,8
sim_20260501000422_2a04580de2,26,86.68000000000022,6.627869395558321,0.01,6.0,6.0,1,1.2889627398303967,0.23076923076923078,0.038461538461538464,1,10
sim_20260501000422_c25f2e0ab7,34,86.98000000000022,6.624769567528517,0.01,3.0,4.0,2,1.3743724440049958,0.17647058823529413,0.029411764705882353,1,2
sim_20260501000422_409b2e9f42,33,86.98000000000022,6.515540242953051,0.01,6.0,6.0,1,1.3665381335327211,0.0,0.0,1,2
sim_20260501000422_a830d182ad,28,86.26000000000023,7.05701277391222,0.01,6.0,6.0,1,1.8054530174978984,0.0,0.0,1,5
sim_20260501000422_33e80f1309,28,86.73000000000022,7.022215035756119,0.01,3.0,3.0,2,1.8130946667669887,0.17857142857142858,0.03571428571428571,1,5
sim_20260501000422_25c7e8ab13,28,86.79000000000022,7.524385166749369,0.01,3.0,3.0,2,1.942874615132731,0.21428571428571427,0.0,1,5
sim_20260501000422_984aa69ca1,33,86.56000000000023,6.515540242953051,0.012,3.0,4.0,2,1.3885158598229248,0.0,0.0,1,1
sim_20260501000422_5e99bddb86,32,86.39000000000023,9.93463792423944,0.012,6.0,6.0,1,2.657364808644481,0.1875,0.0,1,5
sim_20260501000422_1fc4da1b59,26,57.75000000000015,3.9356733311583127,0.008,2.0,2.0,2,0.5825771855443914,0.0,0.0,2,8
sim_20260501000422_f1cc70bea8,32,86.56000000000023,6.588303279386309,0.01,6.0,6.0,1,1.172716898612677,0.1875,0.0,1,1
sim_20260501000422_6fa1333337,29,86.28000000000023,9.156219253681996,0.012,6.0,6.0,1,2.8059166578786026,0.20689655172413793,0.0,2,8
sim_20260501000422_d1b00828e7,25,86.67000000000021,9.285182715841017,0.012,6.0,6.0,1,2.425526316562076,0.24,0.0,1,5
sim_20260501000422_13bdcafaa3,32,86.82000000000022,7.4161040821301185,0.01,3.0,3.0,2,1.9750096200340483,0.1875,0.0,1,5
sim_20260501000423_15ce947409,26,86.98000000000022,6.680120457000669,0.01,3.0,4.0,2,1.3606065155697105,0.07692307692307693,0.0,1,2
sim_20260501000423_0c4d43b1dc,28,72.40000000000018,7.112522243477372,0.01,2.5,3.0,2,1.6017919564858734,0.0,0.0,1,5
sim_20260501000423_9733c94a4b,29,86.98000000000022,6.629459427217171,0.01,6.0,6.0,1,1.3869463042774546,0.20689655172413793,0.0,1,2
sim_20260501000423_63cb67be14,27,86.55000000000022,8.68198022854159,0.012,6.0,6.0,1,2.2556079934303863,0.2222222222222222,0.0,1,1
sim_20260501000423_0719e78fbe,28,86.65000000000022,7.086832643265694,0.01,3.0,3.0,2,1.7991224524048413,0.21428571428571427,0.03571428571428571,1,5
sim_20260501000423_253509c2fb,29,86.69000000000023,6.998469270005501,0.012,3.0,3.0,2,1.8170532823743015,0.20689655172413793,0.0,1,5
sim_20260501000423_5d50eda390,33,100.56000000000027,9.729702369781421,0.012,7.0,7.0,1,2.1042524605433117,0.21212121212121213,0.0,1,2
sim_20260501000423_731b8f8036,25,86.83000000000021,7.448818017254524,0.012,6.0,6.0,1,1.9467844446311613,0.24,0.0,1,5
sim_20260501000423_8bd3eabebc,33,86.25000000000023,6.628879229020612,0.012,6.0,6.0,1,1.4456271261166886,0.18181818181818182,0.0,1,3
sim_20260501000423_7501c37578,31,86.67000000000021,7.861628540631045,0.012,6.0,6.0,1,2.0795619333831956,0.1935483870967742,0.0,1,5
sim_20260501000423_ff461e4b3b,25,86.28000000000023,9.207668749886324,0.01,6.0,6.0,1,2.7873386736349937,0.24,0.0,2,8
sim_20260501000423_b6974cbc94,28,86.65000000000022,7.086832643265694,0.01,6.0,6.0,1,1.7991224524048413,0.21428571428571427,0.03571428571428571,1,5
sim_20260501000423_cbf5571ebe,28,86.01000000000023,9.068220180347055,0.01,6.0,6.0,1,2.5507643215629012,0.21428571428571427,0.0,2,8
sim_20260501000424_f6e6e1da46,28,86.65000000000022,7.086832643265694,0.01,3.0,3.0,2,1.7991224524048413,0.21428571428571427,0.03571428571428571,1,5
sim_20260501000424_c387b23451,28,86.98000000000022,6.610664665035955,0.01,3.0,4.0,2,1.3468081863763952,0.21428571428571427,0.0,1,2
sim_20260501000424_1b9b03e78d,30,86.98000000000022,6.583763574165431,0.01,3.0,4.0,2,1.3678063377913168,0.0,0.0,1,2
sim_20260501000424_3499fb527e,27,86.04000000000023,9.111853886448586,0.012,6.0,6.0,1,2.46840852263637,0.2222222222222222,0.0,2,8
sim_20260501000424_7f2e5ad638,33,86.99000000000021,6.515540242953051,0.01,3.0,4.0,2,1.318223423020316,0.0,0.0,1,2
sim_20260501000424_7c53098f9d,27,86.28000000000023,9.196680882731584,0.01,6.0,6.0,1,2.884817432137474,0.2222222222222222,0.0,2,8
sim_20260501000424_11952983c5,34,86.55000000000022,8.693672467487005,0.012,6.0,6.0,1,2.2726129104220507,0.17647058823529413,0.029411764705882353,1,1
sim_20260501000424_ef1df324ca,27,86.49000000000022,9.695558850313375,0.01,6.0,6.0,1,2.46857387423341,0.2222222222222222,0.0,1,5
sim_20260501000424_602da3ea53,27,86.71000000000022,8.277913632675848,0.008,3.0,3.0,2,2.157707552069103,0.2222222222222222,0.0,1,5
sim_20260501000424_74790cba50,28,86.20000000000023,8.165963480709763,0.01,3.0,3.0,2,2.346415042535079,0.21428571428571427,0.0,2,8
sim_20260501000424_099207a8e7,26,86.99000000000021,6.453499436221307,0.01,3.0,4.0,2,1.2329045000076646,0.23076923076923078,0.0,1,2
sim_20260501000424_b8819e2bc7,33,86.56000000000023,6.515540242953051,0.012,3.0,4.0,2,1.3885158598229248,0.0,0.0,1,1
sim_20260501000424_6ad03c5565,25,85.96000000000024,9.530604092190913,0.012,6.0,6.0,1,2.1840243699200173,0.24,0.0,1,3
sim_20260501000424_63c50314ad,26,86.68000000000022,6.692789810390877,0.01,3.0,4.0,2,1.2433929044090957,0.0,0.0,1,10
sim_20260501000425_0f2658e81f,35,86.60000000000022,6.653854450666444,0.012,3.0,4.0,2,1.3924519091997203,0.17142857142857143,0.0,1,1
sim_20260501000425_db4a5f64b9,26,86.01000000000023,7.440393427606182,0.012,6.0,6.0,1,1.6768220703191912,0.23076923076923078,0.0,1,5
sim_20260501000425_b6ee244152,30,86.98000000000022,6.583763574165431,0.01,6.0,6.0,1,1.3678063377913168,0.0,0.0,1,2
sim_20260501000425_0f36fc7d5d,29,86.99000000000021,6.5869415999797525,0.01,6.0,6.0,1,1.3461909357435502,0.20689655172413793,0.0,1,2
sim_20260501000425_d521f2e0f4,30,86.60000000000022,8.354657217528029,0.012,6.0,6.0,1,2.0908806829426148,0.2,0.03333333333333333,1,1
sim_20260501000425_8fc4b9ef72,29,86.98000000000022,6.616711211283956,0.01,3.0,4.0,2,1.361906979489667,0.20689655172413793,0.0,1,2
sim_20260501000425_2dc2d2de21,27,86.58000000000023,7.379717244689601,0.012,6.0,6.0,1,1.639920291374463,0.2222222222222222,0.0,1,3
sim_20260501000425_719b927071,25,86.98000000000022,6.644863736618788,0.01,3.0,4.0,2,1.3692670870559869,0.24,0.0,1,2
sim_20260501000425_89b2f85cb6,25,86.15000000000023,9.03816547449415,0.01,6.0,6.0,1,2.544044737185773,0.24,0.04,2,8
sim_20260501000425_1f50fc5f75,29,86.99000000000021,6.612756758134424,0.01,3.0,4.0,2,1.3193097215222076,0.20689655172413793,0.0,1,2
sim_20260501000425_7654fed4c2,30,86.60000000000022,8.354657217528029,0.012,6.0,6.0,1,2.0908806829426148,0.2,0.03333333333333333,1,1
sim_20260501000425_0542bd86dd,26,86.53000000000023,8.676288469545625,0.012,3.0,3.0,2,2.5337288690017123,0.23076923076923078,0.038461538461538464,2,8
sim_20260501000425_f3c0afc7c4,25,86.74000000000022,8.896171632664363,0.012,6.0,6.0,1,1.9807012572894034,0.24,0.04,1,3
sim_20260501000426_e3caa63995,28,86.60000000000022,8.310476997957494,0.012,6.0,6.0,1,2.0358019684177706,0.21428571428571427,0.0,1,1
sim_20260501000426_40d68609df,26,72.40000000000018,7.118046488846886,0.01,2.5,3.0,2,1.5978016814774678,0.0,0.0,1,5
sim_20260501000426_d27cfa17ae,31,86.99000000000021,6.712977221889474,0.01,3.0,4.0,2,1.3996251002248412,0.1935483870967742,0.03225806451612903,1,2
sim_20260501000426_610f154635,29,86.54000000000022,8.583053407215345,0.012,6.0,6.0,1,2.4439628262189537,0.20689655172413793,0.0,2,13
sim_20260501000426_44264355a4,26,86.68000000000022,8.210203319223211,0.008,3.0,3.0,2,2.0896773247973424,0.23076923076923078,0.0,1,5
sim_20260501000426_86b7aa5b00,34,86.98000000000022,6.591372661464362,0.01,6.0,6.0,1,1.3589624067602262,0.17647058823529413,0.029411764705882353,1,2
sim_20260501000426_e1d3690cb3,30,86.51000000000022,8.455755761532743,0.012,6.0,6.0,1,2.410769998627723,0.2,0.03333333333333333,2,8
sim_20260501000426_685f5bab8e,25,86.15000000000023,9.03816547449415,0.01,6.0,6.0,1,2.544044737185773,0.24,0.04,2,8
sim_20260501000426_cd61d20caf,25,86.72000000000023,7.927491232355493,0.008,3.0,3.0,2,2.0040078841076863,0.24,0.04,1,5
sim_20260501000426_0330aa63ad,25,71.4100000000002,9.565337578665691,0.008,5.0,5.0,1,2.415600019006972,0.16,0.0,1,1
sim_20260501000426_03ff8274e9,26,86.48000000000022,9.855432482968695,0.012,6.0,6.0,1,2.426790749389359,0.23076923076923078,0.0,1,5
sim_20260501000427_2d9a2813bf,28,86.98000000000022,6.638116352541886,0.01,6.0,6.0,1,1.4031295247783524,0.21428571428571427,0.0,1,2
sim_20260501000427_c429334728,25,86.57000000000022,7.478006746119263,0.012,6.0,6.0,1,1.5857320336232028,0.24,0.0,1,3
sim_20260501000427_8799c0e02f,35,86.98000000000022,6.580883237587528,0.01,3.0,4.0,2,1.396290128362124,0.11428571428571428,0.02857142857142857,1,2
sim_20260501000427_dbd259e70b,26,86.56000000000023,9.768423723234065,0.01,3.0,3.0,2,2.6154366842253545,0.23076923076923078,0.0,1,5
sim_20260501000427_d525359235,25,86.54000000000022,8.603859606581352,0.012,6.0,6.0,1,2.484365534724332,0.24,0.0,2,13
sim_20260501000427_863f45cb58,30,86.67000000000021,7.220560788666717,0.01,6.0,6.0,1,1.885647232437087,0.2,0.03333333333333333,1,5
sim_20260501000427_c88f62f3dd,25,86.48000000000022,9.883366144551616,0.012,6.0,6.0,1,2.434722349191327,0.24,0.04,1,5
sim_20260501000427_40ea41cb11,26,86.01000000000023,7.440393427606182,0.012,6.0,6.0,1,1.6768220703191912,0.23076923076923078,0.0,1,5
sim_20260501000427_9afe8daa30,27,86.55000000000022,8.68198022854159,0.012,6.0,6.0,1,2.2556079934303863,0.2222222222222222,0.0,1,1
sim_20260501000427_91b7cdf2f7,34,86.98000000000022,6.599472890820465,0.01,6.0,6.0,1,1.3547472185790095,0.17647058823529413,0.029411764705882353,1,2
sim_20260501000427_fb8a84a4ff,28,86.71000000000022,8.820282223395935,0.01,6.0,6.0,1,2.0068238979267683,0.21428571428571427,0.0,1,5
sim_20260501000427_71aa57c548,28,86.26000000000023,7.05701277391222,0.01,6.0,6.0,1,1.8054530174978984,0.0,0.0,1,5
sim_20260501000427_7914cab373,26,86.68000000000022,8.210203319223211,0.008,6.0,6.0,1,2.0896773247973424,0.23076923076923078,0.0,1,5
sim_20260501000428_9dcd281d45,30,86.67000000000021,7.220560788666717,0.01,3.0,3.0,2,1.885647232437087,0.2,0.03333333333333333,1,5
sim_20260501000428_f6c0c1f580,30,86.56000000000023,6.583763574165431,0.01,6.0,6.0,1,1.3880363040147887,0.0,0.0,1,1
sim_20260501000428_e8ec921cca,29,86.71000000000022,8.806856605738972,0.01,6.0,6.0,1,2.0226577210762695,0.20689655172413793,0.0,1,5
sim_20260501000428_7aad88e1b6,30,86.99000000000021,6.583763574165431,0.01,6.0,6.0,1,1.324726945364155,0.0,0.0,1,2
sim_20260501000428_3b7867e9b3,27,86.55000000000022,8.68198022854159,0.012,6.0,6.0,1,2.2556079934303863,0.2222222222222222,0.0,1,1
sim_20260501000428_989b9de521,27,86.39000000000023,9.102412685048392,0.01,6.0,6.0,1,2.3441134612001333,0.2222222222222222,0.0,1,3
sim_20260501000428_a7cb84655e,29,86.99000000000021,6.574587648873745,0.01,6.0,6.0,1,1.315406837393411,0.06896551724137931,0.0,1,2
sim_20260501000428_115e81186d,27,86.31000000000023,9.330235255984036,0.012,3.0,3.0,2,2.5821522220625437,0.2222222222222222,0.0,2,8
sim_20260501000428_fa6598038c,25,86.67000000000021,9.285182715841017,0.012,6.0,6.0,1,2.425526316562076,0.24,0.0,1,5
sim_20260501000428_34377d0d24,26,57.75000000000015,3.9356733311583127,0.008,4.0,4.0,1,0.5825771855443914,0.0,0.0,2,8
sim_20260501000428_1b76f173e6,32,86.73000000000022,6.956018540792456,0.012,3.0,3.0,2,1.8450797689616,0.1875,0.03125,1,5
sim_20260501000428_2580941fbe,32,86.99000000000021,6.533163351716524,0.012,6.0,6.0,1,1.3705989997978965,0.1875,0.03125,1,2
sim_20260501000428_b988a262b9,26,100.55000000000027,9.950049479040075,0.014,3.5,4.0,2,2.1817763345055585,0.2692307692307692,0.0,1,2
sim_20260501000428_f379246ce2,25,86.48000000000022,9.883366144551616,0.012,6.0,6.0,1,2.434722349191327,0.24,0.04,1,5
sim_20260501000429_aa5e380c35,27,86.39000000000023,9.102412685048392,0.01,6.0,6.0,1,2.3441134612001333,0.2222222222222222,0.0,1,3
sim_20260501000429_0d641d5922,26,86.99000000000021,6.6235762675994465,0.01,3.0,4.0,2,1.3220143626980474,0.11538461538461539,0.038461538461538464,1,2
sim_20260501000429_c6fb2cf812,25,86.98000000000022,6.740926126005917,0.01,3.0,4.0,2,1.4039468938877577,0.24,0.0,1,2
sim_20260501000429_1c10427a06,26,86.98000000000022,6.632024172023563,0.01,3.0,4.0,2,1.3411263315446187,0.23076923076923078,0.0,1,2
sim_20260501000429_a4dacfa66e,33,100.49000000000026,9.575160720108101,0.012,7.0,7.0,1,2.0663276577826144,0.21212121212121213,0.0,1,2
sim_20260501000429_2cfb6e4526,26,86.79000000000022,7.521802564628814,0.01,6.0,6.0,1,1.9489354978458158,0.23076923076923078,0.0,1,5
sim_20260501000429_d2a61bba4b,27,86.60000000000022,9.05763787428262,0.01,3.0,3.0,2,2.387021255025585,0.2222222222222222,0.0,1,5
sim_20260501000429_a6080f7e4e,25,86.82000000000022,7.383264129254599,0.008,3.0,3.0,2,1.947532746474198,0.24,0.0,1,5
sim_20260501000429_265bb5bbf0,26,86.56000000000023,9.768423723234065,0.01,6.0,6.0,1,2.6154366842253545,0.23076923076923078,0.0,1,5
sim_20260501000429_149f9149fc,25,71.2300000000002,8.250028356063694,0.01,5.0,5.0,1,2.04018604545179,0.12,0.0,1,1
sim_20260501000429_a6f6573ca8,25,85.60000000000025,8.602262554362085,0.012,6.0,6.0,1,1.9333583984974125,0.2,0.0,1,3
sim_20260501000429_3dd9b55a96,28,86.98000000000022,6.610664665035955,0.01,6.0,6.0,1,1.3468081863763952,0.21428571428571427,0.0,1,2
sim_20260501000430_9bfc51129d,26,86.01000000000023,7.440393427606182,0.012,6.0,6.0,1,1.6768220703191912,0.23076923076923078,0.0,1,5
sim_20260501000430_04fb953c29,25,86.56000000000023,9.762963977506018,0.01,6.0,6.0,1,2.618024369744965,0.24,0.0,1,5
sim_20260501000430_0ea1f36233,25,86.48000000000022,9.883366144551616,0.012,6.0,6.0,1,2.434722349191327,0.24,0.04,1,5
sim_20260501000430_ca97947066,28,86.65000000000022,7.086832643265694,0.01,6.0,6.0,1,1.7991224524048413,0.21428571428571427,0.03571428571428571,1,5
sim_20260501000430_f28bf7fdc4,25,86.54000000000022,9.089275729788113,0.012,6.0,6.0,1,2.2598029716670722,0.24,0.04,1,3
sim_20260501000430_a6d0b84d6b,26,86.68000000000022,6.692789810390877,0.01,3.0,4.0,2,1.2433929044090957,0.0,0.0,1,10
sim_20260501000430_eb99b7f7af,27,86.41000000000022,9.416017807068982,0.01,6.0,6.0,1,2.335675688854574,0.2222222222222222,0.0,1,3
sim_20260501000430_5ac710e9de,28,86.60000000000022,8.310476997957494,0.012,6.0,6.0,1,2.0358019684177706,0.21428571428571427,0.0,1,1
sim_20260501000430_9aa61950c5,29,86.28000000000023,7.116284646442153,0.012,6.0,6.0,1,1.8330571609580035,0.0,0.0,1,5
sim_20260501000430_88d767349d,33,86.99000000000021,6.64803884492531,0.01,6.0,6.0,1,1.3996244624662346,0.18181818181818182,0.030303030303030304,1,2
sim_20260501000430_4291cf2650,28,86.43000000000022,8.083187361394238,0.012,6.0,6.0,1,1.7950783595159834,0.21428571428571427,0.0,1,5
sim_20260501000430_073f4928f0,27,99.77000000000028,9.73485260220113,0.012,7.0,7.0,1,2.090455497798048,0.25925925925925924,0.0,1,3
sim_20260501000430_af65c0bd7c,29,86.98000000000022,6.612756758134424,0.01,6.0,6.0,1,1.3616493894001092,0.20689655172413793,0.0,1,2
sim_20260501000430_a96206fb5c,29,86.54000000000022,8.63382609840474,0.012,6.0,6.0,1,2.4559272166074004,0.20689655172413793,0.034482758620689655,2,13
sim_20260501000431_9ce2a91822,25,86.49000000000022,9.758461184374653,0.012,6.0,6.0,1,2.514409540557615,0.24,0.04,1,5
sim_20260501000431_44a5522d6e,34,86.98000000000022,6.624769567528517,0.01,6.0,6.0,1,1.3743724440049958,0.17647058823529413,0.029411764705882353,1,2
sim_20260501000431_a0d765f2c5,30,86.56000000000023,6.6283140232259825,0.012,3.0,4.0,2,1.4254987798262055,0.06666666666666667,0.0,1,1
sim_20260501000431_e7c5ae1371,26,86.31000000000023,9.11453203337308,0.01,6.0,6.0,1,2.5376527879527773,0.23076923076923078,0.0,2,8
sim_20260501000431_c5c1fd0095,30,86.60000000000022,8.354657217528029,0.012,6.0,6.0,1,2.0908806829426148,0.2,0.03333333333333333,1,1
sim_20260501000431_56fa2bcf54,30,86.56000000000023,6.583763574165431,0.01,6.0,6.0,1,1.3880363040147887,0.0,0.0,1,1
sim_20260501000431_469c0c89ba,26,86.79000000000022,7.485177066240368,0.01,6.0,6.0,1,1.907155009509955,0.23076923076923078,0.0,1,5
sim_20260501000431_c6ed18b002,25,71.4100000000002,9.565337578665691,0.008,5.0,5.0,1,2.415600019006972,0.16,0.0,1,1
sim_20260501000431_2551869799,25,86.74000000000022,8.896171632664363,0.012,6.0,6.0,1,1.9807012572894034,0.24,0.04,1,3
sim_20260501000431_459f20121e,26,86.53000000000023,8.676288469545625,0.012,6.0,6.0,1,2.5337288690017123,0.23076923076923078,0.038461538461538464,2,8
sim_20260501000431_96dc3ac7cd,29,86.98000000000022,6.612756758134424,0.01,3.0,4.0,2,1.3616493894001092,0.20689655172413793,0.0,1,2
sim_20260501000431_b996a37b5d,29,86.54000000000022,8.583053407215345,0.012,6.0,6.0,1,2.4439628262189537,0.20689655172413793,0.0,2,13
sim_20260501000431_bee82e0074,27,86.55000000000022,8.765484595628635,0.012,6.0,6.0,1,2.293097497158679,0.2222222222222222,0.0,1,1
sim_20260501000432_1a9799094a,32,98.9800000000003,9.901579356447542,0.014,7.0,7.0,1,2.3803574368535743,0.21875,0.0,1,1
sim_20260501000432_aa37497c08,27,86.83000000000021,7.4436952593862316,0.012,3.0,3.0,2,1.960504588958845,0.2222222222222222,0.0,1,5
sim_20260501000432_ffe2afe361,27,86.20000000000023,7.052857973132745,0.012,6.0,6.0,1,1.6228537647308539,0.2222222222222222,0.0,1,3
sim_20260501000432_64fea385b2,35,86.98000000000022,6.6635446619001755,0.01,3.0,4.0,2,1.3828371662786265,0.17142857142857143,0.0,1,2
sim_20260501000432_b07a063f8f,25,86.56000000000023,9.762963977506018,0.01,3.0,3.0,2,2.618024369744965,0.24,0.0,1,5
sim_20260501000432_91ccb62ff5,31,86.20000000000023,8.1266182787748,0.012,3.0,3.0,2,2.3587806606402784,0.1935483870967742,0.0,2,8
sim_20260501000432_fdef8cd498,25,86.54000000000022,9.089275729788113,0.012,6.0,6.0,1,2.2598029716670722,0.24,0.04,1,3
sim_20260501000432_72c3776620,28,86.98000000000022,6.638116352541886,0.01,3.0,4.0,2,1.4031295247783524,0.21428571428571427,0.0,1,2
sim_20260501000432_cce537c225,25,86.72000000000023,7.927491232355493,0.008,6.0,6.0,1,2.0040078841076863,0.24,0.04,1,5
sim_20260501000432_76c51c19cf,29,86.21000000000024,8.734475746507911,0.01,6.0,6.0,1,2.3054393650919955,0.20689655172413793,0.0,1,1
sim_20260501000432_2c04dd61ea,29,86.54000000000022,8.583053407215345,0.012,3.0,3.0,2,2.4439628262189537,0.20689655172413793,0.0,2,13
sim_20260501000432_d1d2d71294,34,86.55000000000022,8.693672467487005,0.012,6.0,6.0,1,2.2726129104220507,0.17647058823529413,0.029411764705882353,1,1
sim_20260501000432_eb5fad3bef,26,86.68000000000022,8.210203319223211,0.008,3.0,3.0,2,2.0896773247973424,0.23076923076923078,0.0,1,5
sim_20260501000433_9c4ba6ce7c,28,86.82000000000022,7.408652170140755,0.01,3.0,3.0,2,2.0085098123516865,0.21428571428571427,0.03571428571428571,1,5
sim_20260501000433_779f58b0e2,27,86.31000000000023,9.330235255984036,0.012,6.0,6.0,1,2.5821522220625437,0.2222222222222222,0.0,2,8
sim_20260501000433_269463dda2,34,86.56000000000023,6.597906607570167,0.01,3.0,4.0,2,1.350860999381124,0.17647058823529413,0.0,1,1
sim_20260501000433_fa9d13d692,26,86.98000000000022,6.654309751399836,0.01,3.0,4.0,2,1.383190662687734,0.23076923076923078,0.0,1,2
sim_20260501000433_712f15684a,25,86.71000000000022,8.741681337664545,0.012,6.0,6.0,1,1.9856282660942999,0.24,0.0,1,5
sim_20260501000433_95b63114f6,26,86.05000000000024,7.1047189841792715,0.01,6.0,6.0,1,1.7151777677917563,0.11538461538461539,0.0,1,5
sim_20260501000433_8c335d71e9,32,86.73000000000022,6.956018540792456,0.012,3.0,3.0,2,1.8450797689616,0.1875,0.03125,1,5
sim_20260501000433_687f8a1f4a,31,86.20000000000023,8.1266182787748,0.012,6.0,6.0,1,2.3587806606402784,0.1935483870967742,0.0,2,8
sim_20260501000433_b1bbe662ed,27,86.58000000000023,7.379717244689601,0.012,6.0,6.0,1,1.639920291374463,0.2222222222222222,0.0,1,3
sim_20260501000433_36f60320b5,27,86.26000000000023,7.006640666908169,0.012,6.0,6.0,1,1.7601031008630952,0.1111111111111111,0.037037037037037035,1,5
sim_20260501000433_cdcf5bbf29,28,86.01000000000023,9.068220180347055,0.01,6.0,6.0,1,2.5507643215629012,0.21428571428571427,0.0,2,8
sim_20260501000433_cb644acaad,33,86.98000000000022,6.515540242953051,0.01,3.0,4.0,2,1.3665381335327211,0.0,0.0,1,2
sim_20260501000433_4bf4a20edb,27,86.58000000000023,7.379717244689601,0.012,6.0,6.0,1,1.639920291374463,0.2222222222222222,0.0,1,3
sim_20260501000433_889f735ae2,26,86.99000000000021,6.4416383974210305,0.01,6.0,6.0,1,1.2915707842580744,0.23076923076923078,0.0,1,2
sim_20260501000434_e8fa4873b3,34,86.55000000000022,8.693672467487005,0.012,6.0,6.0,1,2.2726129104220507,0.17647058823529413,0.029411764705882353,1,1
sim_20260501000434_6a83fbdefd,25,86.56000000000023,9.762963977506018,0.01,3.0,3.0,2,2.618024369744965,0.24,0.0,1,5
sim_20260501000434_2ae245f62b,27,86.60000000000022,9.05763787428262,0.01,6.0,6.0,1,2.387021255025585,0.2222222222222222,0.0,1,5
sim_20260501000434_bea3393267,26,86.20000000000023,8.17754821345153,0.008,3.0,3.0,2,2.344198031356587,0.23076923076923078,0.038461538461538464,2,8
sim_20260501000434_75d77351e5,27,86.04000000000023,9.111853886448586,0.012,6.0,6.0,1,2.46840852263637,0.2222222222222222,0.0,2,8
sim_20260501000434_bec6c32424,25,86.98000000000022,6.644863736618788,0.01,6.0,6.0,1,1.3692670870559869,0.24,0.0,1,2
sim_20260501000434_e576238402,27,86.39000000000023,9.102412685048392,0.01,6.0,6.0,1,2.3441134612001333,0.2222222222222222,0.0,1,3
sim_20260501000434_10b59e7ded,35,86.60000000000022,6.653854450666444,0.012,3.0,4.0,2,1.3924519091997203,0.17142857142857143,0.0,1,1
sim_20260501000434_648aa30b5d,33,100.49000000000026,9.575160720108101,0.012,7.0,7.0,1,2.0663276577826144,0.21212121212121213,0.0,1,2
sim_20260501000434_6aa1490ffb,29,86.71000000000022,8.806856605738972,0.01,6.0,6.0,1,2.0226577210762695,0.20689655172413793,0.0,1,5
sim_20260501000434_978900d3af,29,99.78000000000029,9.956958937593356,0.012,7.0,7.0,1,2.4673208936191537,0.2413793103448276,0.0,1,1
sim_20260501000434_7b0c52cb5a,25,86.68000000000022,8.125491232355557,0.008,3.0,3.0,2,2.0266794056468114,0.24,0.04,1,5
sim_20260501000434_e6837641bf,26,86.48000000000022,9.855432482968695,0.012,6.0,6.0,1,2.426790749389359,0.23076923076923078,0.0,1,5
sim_20260501000434_f07568624f,27,86.26000000000023,7.006640666908169,0.012,3.0,3.0,2,1.7601031008630952,0.1111111111111111,0.037037037037037035,1,5
sim_20260501000435_5591b9f6a1,26,86.39000000000023,7.995504690050893,0.012,6.0,6.0,1,1.9083929444919956,0.23076923076923078,0.038461538461538464,1,3
sim_20260501000435_aa4a2807ab,28,86.20000000000023,8.165963480709763,0.01,3.0,3.0,2,2.346415042535079,0.21428571428571427,0.0,2,8
sim_20260501000435_527d3ab282,26,86.17000000000023,8.836951038368085,0.01,6.0,6.0,1,2.4256364160248625,0.23076923076923078,0.0,1,1
sim_20260501000435_68d48924e8,26,86.69000000000023,9.040803232033397,0.01,6.0,6.0,1,2.118330282244862,0.23076923076923078,0.0,1,5
sim_20260501000435_227eeebf8d,26,86.99000000000021,6.6235762675994465,0.01,6.0,6.0,1,1.3220143626980474,0.11538461538461539,0.038461538461538464,1,2
sim_20260501000435_c569f520ed,33,86.98000000000022,6.515540242953051,0.01,6.0,6.0,1,1.3665381335327211,0.0,0.0,1,2
sim_20260501000435_244f3ef509,26,86.67000000000021,7.962092488551463,0.012,6.0,6.0,1,2.0742290832517543,0.23076923076923078,0.0,1,5
sim_20260501000435_6557206c3d,26,86.99000000000021,6.692789810390877,0.01,3.0,4.0,2,1.3223439528634309,0.0,0.0,1,2
sim_20260501000435_d84803bd69,28,86.65000000000022,7.086832643265694,0.01,3.0,3.0,2,1.7991224524048413,0.21428571428571427,0.03571428571428571,1,5
sim_20260501000435_9b606226ef,28,86.78000000000021,7.546016610561935,0.012,3.0,3.0,2,2.0221180077486376,0.21428571428571427,0.0,1,5
sim_20260501000435_f4c942ecd8,25,86.28000000000023,9.207668749886324,0.01,6.0,6.0,1,2.7873386736349937,0.24,0.0,2,8
sim_20260501000435_15b4860758,29,86.99000000000021,6.574587648873745,0.01,3.0,4.0,2,1.315406837393411,0.06896551724137931,0.0,1,2
sim_20260501000435_2ec16dec75,25,86.98000000000022,6.781592179667371,0.01,6.0,6.0,1,1.4142879809205782,0.24,0.0,1,2
sim_20260501000436_32c8b8ba83,27,86.71000000000022,8.277913632675848,0.008,3.0,3.0,2,2.157707552069103,0.2222222222222222,0.0,1,5
sim_20260501000436_9d56f4f0b6,29,86.77000000000022,6.941878264184197,0.01,3.0,3.0,2,1.80803810842496,0.0,0.0,1,5
sim_20260501000436_42b7ccb7e3,28,86.71000000000022,8.820282223395935,0.01,6.0,6.0,1,2.0068238979267683,0.21428571428571427,0.0,1,5
sim_20260501000436_150dea9ddd,26,86.99000000000021,6.453499436221307,0.01,6.0,6.0,1,1.2329045000076646,0.23076923076923078,0.0,1,2
sim_20260501000436_c95ba3461c,30,86.53000000000023,9.24781227522277,0.01,6.0,6.0,1,2.4628339939978017,0.2,0.0,1,3
sim_20260501000436_40a50455b3,26,86.68000000000022,6.662540924921046,0.01,3.0,4.0,2,1.2587659097011206,0.23076923076923078,0.0,1,10
sim_20260501000436_76229b468d,32,86.82000000000022,7.4161040821301185,0.01,3.0,3.0,2,1.9750096200340483,0.1875,0.0,1,5
sim_20260501000436_dc27d8de9c,26,86.99000000000021,6.4710244875140575,0.01,6.0,6.0,1,1.2812657237317684,0.23076923076923078,0.0,1,2
sim_20260501000436_5990d22b12,30,86.56000000000023,6.583763574165431,0.01,6.0,6.0,1,1.3880363040147887,0.0,0.0,1,1
sim_20260501000436_12c2f12843,26,86.68000000000022,6.564646340021028,0.01,3.0,4.0,2,1.1890679267559292,0.23076923076923078,0.0,1,10
sim_20260501000436_b72d09e112,28,86.82000000000022,7.408652170140755,0.01,6.0,6.0,1,2.0085098123516865,0.21428571428571427,0.03571428571428571,1,5
sim_20260501000437_d90531d4ed,28,86.65000000000022,7.086832643265694,0.01,3.0,3.0,2,1.7991224524048413,0.21428571428571427,0.03571428571428571,1,5
sim_20260501000437_fab960fc92,29,86.98000000000022,6.557564315026212,0.01,6.0,6.0,1,1.3712071901270573,0.06896551724137931,0.034482758620689655,1,2
sim_20260501000437_ad3364e269,34,85.83000000000024,8.119548269804994,0.012,6.0,6.0,1,1.9990186115877016,0.17647058823529413,0.0,1,1
sim_20260501000437_f5af76c17a,26,86.99000000000021,6.692789810390877,0.01,3.0,4.0,2,1.3223439528634309,0.0,0.0,1,2
sim_20260501000437_de0babf384,26,86.48000000000022,9.855432482968695,0.012,6.0,6.0,1,2.426790749389359,0.23076923076923078,0.0,1,5
sim_20260501000437_4992bbde02,25,85.96000000000024,9.530604092190913,0.012,6.0,6.0,1,2.1840243699200173,0.24,0.0,1,3
sim_20260501000437_ad51dd66b8,27,86.71000000000022,8.277913632675848,0.008,6.0,6.0,1,2.157707552069103,0.2222222222222222,0.0,1,5
sim_20260501000437_8f8a0a697b,29,86.71000000000022,8.806856605738972,0.01,6.0,6.0,1,2.0226577210762695,0.20689655172413793,0.0,1,5
sim_20260501000437_9f371fc421,30,86.56000000000023,6.6283140232259825,0.012,6.0,6.0,1,1.4254987798262055,0.06666666666666667,0.0,1,1
sim_20260501000437_cd94f7a730,28,86.99000000000021,6.605831574959012,0.01,3.0,4.0,2,1.3266238777438866,0.21428571428571427,0.0,1,2
sim_20260501000437_15421ee63f,25,71.4100000000002,9.565337578665691,0.008,5.0,5.0,1,2.415600019006972,0.16,0.0,1,1
sim_20260501000437_805a281c82,25,86.56000000000023,9.762963977506018,0.01,6.0,6.0,1,2.618024369744965,0.24,0.0,1,5
sim_20260501000437_e1cfb0d8e8,27,86.28000000000023,9.196680882731584,0.01,6.0,6.0,1,2.884817432137474,0.2222222222222222,0.0,2,8
sim_20260501000438_60e50e10be,31,86.99000000000021,6.643868057175212,0.01,3.0,4.0,2,1.382593555530574,0.1935483870967742,0.0,1,2
sim_20260501000438_f580787c07,28,86.65000000000022,7.086832643265694,0.01,6.0,6.0,1,1.7991224524048413,0.21428571428571427,0.03571428571428571,1,5
sim_20260501000438_0e8dfbe2a3,35,86.56000000000023,6.546773423314846,0.012,6.0,6.0,1,1.4063863925774802,0.05714285714285714,0.0,1,1
sim_20260501000438_6d6edc88c0,30,85.77000000000024,8.79588702521346,0.012,6.0,6.0,1,1.9638198731553334,0.2,0.03333333333333333,1,5
sim_20260501000438_438623ada1,26,86.98000000000022,6.632024172023563,0.01,3.0,4.0,2,1.3411263315446187,0.23076923076923078,0.0,1,2
sim_20260501000438_21e1e04a58,29,86.77000000000022,6.941878264184197,0.01,3.0,3.0,2,1.80803810842496,0.0,0.0,1,5
sim_20260501000438_f2e355b3d4,29,86.99000000000021,6.612756758134424,0.01,6.0,6.0,1,1.3193097215222076,0.20689655172413793,0.0,1,2
sim_20260501000438_f826bb3389,27,86.76000000000022,9.325047345272282,0.012,6.0,6.0,1,2.1276883573824374,0.2222222222222222,0.0,1,3
sim_20260501000438_86f3279bd2,29,86.28000000000023,9.156219253681996,0.012,6.0,6.0,1,2.8059166578786026,0.20689655172413793,0.0,2,8
sim_20260501000438_161c80e322,29,86.99000000000021,6.612756758134424,0.01,6.0,6.0,1,1.3193097215222076,0.20689655172413793,0.0,1,2
sim_20260501000438_6124a9b61e,33,86.98000000000022,6.515540242953051,0.01,3.0,4.0,2,1.3665381335327211,0.0,0.0,1,2
sim_20260501000438_9cee3651ef,29,100.13000000000028,9.805733773539572,0.012,7.0,7.0,1,2.4953699424841047,0.2413793103448276,0.0,1,3
sim_20260501000438_0c947ed334,29,86.78000000000021,7.698099271493163,0.012,6.0,6.0,1,2.044747575355635,0.20689655172413793,0.0,1,5
sim_20260501000438_a3f68dfad7,30,86.56000000000023,6.583763574165431,0.01,6.0,6.0,1,1.3880363040147887,0.0,0.0,1,1
sim_20260501000439_aad9a76dc0,29,86.53000000000023,8.624386024277129,0.012,3.0,3.0,2,2.4705343896811334,0.20689655172413793,0.0,2,8
sim_20260501000439_49679d47c0,32,86.56000000000023,6.644313737965575,0.012,6.0,6.0,1,1.3711589450474384,0.1875,0.0625,1,1
sim_20260501000439_7fbf94c1ef,29,84.60000000000026,9.303631956541182,0.012,6.0,6.0,1,2.1976067719144647,0.06896551724137931,0.0,1,1
sim_20260501000439_e430672577,33,100.56000000000027,9.729702369781421,0.012,7.0,7.0,1,2.1042524605433117,0.21212121212121213,0.0,1,2
sim_20260501000439_4b2ca8762c,26,86.68000000000022,6.627869395558321,0.01,6.0,6.0,1,1.2889627398303967,0.23076923076923078,0.038461538461538464,1,10
sim_20260501000439_09c355bd20,33,100.49000000000026,9.575160720108101,0.012,7.0,7.0,1,2.0663276577826144,0.21212121212121213,0.0,1,2
sim_20260501000439_5199870505,27,86.76000000000022,9.325047345272282,0.012,6.0,6.0,1,2.1276883573824374,0.2222222222222222,0.0,1,3
sim_20260501000439_51f5f7439d,28,86.56000000000023,6.5536728990337565,0.01,6.0,6.0,1,1.407672895722265,0.21428571428571427,0.0,1,1
sim_20260501000439_cf43cd9734,25,86.48000000000022,9.883366144551616,0.012,6.0,6.0,1,2.434722349191327,0.24,0.04,1,5
sim_20260501000439_55f97868a8,30,86.99000000000021,6.583763574165431,0.01,3.0,4.0,2,1.324726945364155,0.0,0.0,1,2
sim_20260501000439_211055f869,32,86.47000000000023,9.39655584640522,0.01,6.0,6.0,1,2.4678444103096653,0.1875,0.0,1,5
sim_20260501000439_5d49e866a6,34,86.56000000000023,6.597906607570167,0.01,6.0,6.0,1,1.350860999381124,0.17647058823529413,0.0,1,1
sim_20260501000440_111d09ec88,26,86.17000000000023,8.836951038368085,0.01,6.0,6.0,1,2.4256364160248625,0.23076923076923078,0.0,1,1
sim_20260501000440_67cd663064,34,86.98000000000022,6.624769567528517,0.01,3.0,4.0,2,1.3743724440049958,0.17647058823529413,0.029411764705882353,1,2
sim_20260501000440_704992ab58,30,86.67000000000021,7.220560788666717,0.01,6.0,6.0,1,1.885647232437087,0.2,0.03333333333333333,1,5
sim_20260501000440_896caf28a6,29,86.69000000000023,6.998469270005501,0.012,6.0,6.0,1,1.8170532823743015,0.20689655172413793,0.0,1,5
sim_20260501000440_f5fb38a22e,27,86.76000000000022,9.325047345272282,0.012,6.0,6.0,1,2.1276883573824374,0.2222222222222222,0.0,1,3
sim_20260501000440_88c438d17f,32,98.9800000000003,9.901579356447542,0.014,7.0,7.0,1,2.3803574368535743,0.21875,0.0,1,1
sim_20260501000440_cd2a7c04af,25,86.67000000000021,9.285182715841017,0.012,6.0,6.0,1,2.425526316562076,0.24,0.0,1,5
sim_20260501000440_7f67b7ebb6,30,86.56000000000023,6.6283140232259825,0.012,3.0,4.0,2,1.4254987798262055,0.06666666666666667,0.0,1,1
sim_20260501000440_ed188cbcf9,33,86.99000000000021,6.515540242953051,0.01,3.0,4.0,2,1.318223423020316,0.0,0.0,1,2
sim_20260501000440_9214d15981,27,57.75000000000015,3.9767457512808733,0.008,2.0,2.0,2,0.5988618288427106,0.0,0.0,2,8
sim_20260501000440_bc36803fd4,31,86.99000000000021,6.712977221889474,0.01,3.0,4.0,2,1.3996251002248412,0.1935483870967742,0.03225806451612903,1,2
sim_20260501000440_cbf46e78b6,32,86.47000000000023,9.39655584640522,0.01,6.0,6.0,1,2.4678444103096653,0.1875,0.0,1,5
sim_20260501000440_1c586dffee,28,86.77000000000022,6.9862150357561745,0.01,3.0,3.0,2,1.8081231795633763,0.17857142857142858,0.03571428571428571,1,5
sim_20260501000440_9052b1fa4d,28,86.71000000000022,8.820282223395935,0.01,6.0,6.0,1,2.0068238979267683,0.21428571428571427,0.0,1,5
sim_20260501000441_e5b418077b,26,86.69000000000023,9.040803232033397,0.01,6.0,6.0,1,2.118330282244862,0.23076923076923078,0.0,1,5
sim_20260501000441_c57a3fcda6,31,86.67000000000021,7.861628540631045,0.012,3.0,3.0,2,2.0795619333831956,0.1935483870967742,0.0,1,5
sim_20260501000441_4ce81f9854,25,86.82000000000022,7.383264129254599,0.008,6.0,6.0,1,1.947532746474198,0.24,0.0,1,5
sim_20260501000441_954738988f,26,86.43000000000022,8.030925100584511,0.012,6.0,6.0,1,1.7900320599843231,0.23076923076923078,0.0,1,5
sim_20260501000441_66a08afc18,29,99.78000000000029,9.956958937593356,0.012,7.0,7.0,1,2.4673208936191537,0.2413793103448276,0.0,1,1
sim_20260501000441_03a86219fd,35,100.35000000000028,9.927320626442594,0.014,7.0,7.0,1,2.37681406946087,0.2,0.02857142857142857,1,3
sim_20260501000441_86db4255a6,29,86.98000000000022,6.652927061064389,0.01,3.0,4.0,2,1.3690031859166587,0.20689655172413793,0.0,1,2
sim_20260501000441_d7425848e7,27,86.60000000000022,9.05763787428262,0.01,6.0,6.0,1,2.387021255025585,0.2222222222222222,0.0,1,5
sim_20260501000441_f4b44c21bd,27,86.71000000000022,8.277913632675848,0.008,3.0,3.0,2,2.157707552069103,0.2222222222222222,0.0,1,5
sim_20260501000441_9c9f825f7d,25,86.44000000000023,8.593386299146744,0.01,6.0,6.0,1,1.9010866567627034,0.24,0.0,1,5
sim_20260501000441_7a7f838b58,34,86.98000000000022,6.7547729456557875,0.01,6.0,6.0,1,1.4350186831275829,0.17647058823529413,0.0,1,2
sim_20260501000441_2b7a33c971,30,86.56000000000023,6.634527061469555,0.01,6.0,6.0,1,1.3787985187717298,0.2,0.0,1,1
sim_20260501000441_efdf7e5021,32,86.56000000000023,6.676213522311741,0.012,6.0,6.0,1,1.4234798010922898,0.1875,0.0,1,1
sim_20260501000442_3e9c35da86,30,86.53000000000023,9.24781227522277,0.01,6.0,6.0,1,2.4628339939978017,0.2,0.0,1,3
sim_20260501000442_f08c1409a2,28,86.79000000000022,7.524385166749369,0.01,6.0,6.0,1,1.942874615132731,0.21428571428571427,0.0,1,5
sim_20260501000442_1a8cd7608f,30,86.43000000000022,8.867572520016154,0.012,6.0,6.0,1,2.0905448668990743,0.2,0.0,1,3
sim_20260501000442_a2ee004c94,26,86.79000000000022,7.521802564628814,0.01,6.0,6.0,1,1.9489354978458158,0.23076923076923078,0.0,1,5
sim_20260501000442_3e67cfa001,29,86.98000000000022,6.629459427217171,0.01,6.0,6.0,1,1.3869463042774546,0.20689655172413793,0.0,1,2
sim_20260501000442_93815864b0,26,86.20000000000023,8.17754821345153,0.008,6.0,6.0,1,2.344198031356587,0.23076923076923078,0.038461538461538464,2,8
sim_20260501000442_801679aec2,32,86.56000000000023,6.644313737965575,0.012,6.0,6.0,1,1.3711589450474384,0.1875,0.0625,1,1
sim_20260501000442_5700ce96d7,25,85.93000000000023,8.911484235154376,0.01,6.0,6.0,1,2.337110414751139,0.24,0.0,1,1
sim_20260501000442_d2da91fd04,33,86.56000000000023,6.515540242953051,0.012,6.0,6.0,1,1.3885158598229248,0.0,0.0,1,1
sim_20260501000442_b3fb4dc2ab,35,86.98000000000022,6.6635446619001755,0.01,3.0,4.0,2,1.3828371662786265,0.17142857142857143,0.0,1,2
sim_20260501000442_b66025d0b1,26,86.68000000000022,6.627869395558321,0.01,3.0,4.0,2,1.2889627398303967,0.23076923076923078,0.038461538461538464,1,10
sim_20260501000442_c75e95dbc1,33,100.56000000000027,9.729702369781421,0.012,7.0,7.0,1,2.1042524605433117,0.21212121212121213,0.0,1,2
sim_20260501000442_8809327b7e,27,57.75000000000015,3.9767457512808733,0.008,2.0,2.0,2,0.5988618288427106,0.0,0.0,2,8
sim_20260501000442_836b764dbf,28,86.99000000000021,6.605831574959012,0.01,3.0,4.0,2,1.3266238777438866,0.21428571428571427,0.0,1,2
sim_20260501000443_d01637437a,25,86.15000000000023,9.03816547449415,0.01,6.0,6.0,1,2.544044737185773,0.24,0.04,2,8
sim_20260501000443_e24e9bc996,26,86.99000000000021,6.692789810390877,0.01,3.0,4.0,2,1.3223439528634309,0.0,0.0,1,2
sim_20260501000443_bf2d920fe6,29,86.99000000000021,6.612756758134424,0.01,6.0,6.0,1,1.3193097215222076,0.20689655172413793,0.0,1,2
sim_20260501000443_596951ce98,33,99.92000000000029,9.88047613488746,0.012,7.0,7.0,1,2.1640290607095602,0.21212121212121213,0.0,1,3
sim_20260501000443_c0e95c1674,27,86.20000000000023,7.052857973132745,0.012,6.0,6.0,1,1.6228537647308539,0.2222222222222222,0.0,1,3
sim_20260501000443_c8e2f5b01b,28,86.60000000000022,8.310476997957494,0.012,6.0,6.0,1,2.0358019684177706,0.21428571428571427,0.0,1,1
sim_20260501000443_64b7c3d7bb,29,86.99000000000021,6.5869415999797525,0.01,6.0,6.0,1,1.3461909357435502,0.20689655172413793,0.0,1,2
sim_20260501000443_5da1ca615a,26,86.99000000000021,6.4416383974210305,0.01,6.0,6.0,1,1.2915707842580744,0.23076923076923078,0.0,1,2
sim_20260501000443_e39d1a00a4,28,86.26000000000023,7.05701277391222,0.01,6.0,6.0,1,1.8054530174978984,0.0,0.0,1,5
sim_20260501000443_9ce046f72c,29,86.53000000000023,8.624386024277129,0.012,3.0,3.0,2,2.4705343896811334,0.20689655172413793,0.0,2,8
sim_20260501000443_9933732817,35,86.98000000000022,6.580883237587528,0.01,6.0,6.0,1,1.396290128362124,0.11428571428571428,0.02857142857142857,1,2
sim_20260501000443_6a82a254ae,30,86.53000000000023,9.24781227522277,0.01,6.0,6.0,1,2.4628339939978017,0.2,0.0,1,3
sim_20260501000443_ddeb52d101,26,86.69000000000023,9.040803232033397,0.01,6.0,6.0,1,2.118330282244862,0.23076923076923078,0.0,1,5
sim_20260501000443_c84ff6a406,25,86.54000000000022,8.603859606581352,0.012,6.0,6.0,1,2.484365534724332,0.24,0.0,2,13
sim_20260501000444_3ef00b8d56,25,86.54000000000022,8.603859606581352,0.012,3.0,3.0,2,2.484365534724332,0.24,0.0,2,13
sim_20260501000444_13afefe86f,34,86.98000000000022,6.7547729456557875,0.01,6.0,6.0,1,1.4350186831275829,0.17647058823529413,0.0,1,2
sim_20260501000444_9f0a4fb26b,28,86.99000000000021,6.605831574959012,0.01,3.0,4.0,2,1.3266238777438866,0.21428571428571427,0.0,1,2
sim_20260501000444_86e833d8ba,32,98.9800000000003,9.901579356447542,0.014,7.0,7.0,1,2.3803574368535743,0.21875,0.0,1,1
sim_20260501000444_f6b6eaffd6,25,86.39000000000023,9.182926778596311,0.012,6.0,6.0,1,2.338166910824214,0.24,0.0,1,3
sim_20260501000444_c89a9f3d90,28,86.74000000000022,7.079716452224687,0.01,3.0,3.0,2,1.865929709627781,0.21428571428571427,0.03571428571428571,1,5
sim_20260501000444_794d221885,25,100.68000000000026,9.929946320562294,0.012,3.5,4.0,2,2.217272055175881,0.28,0.0,1,2
sim_20260501000444_6d27c5dc0b,26,57.75000000000015,3.9356733311583127,0.008,2.0,2.0,2,0.5825771855443914,0.0,0.0,2,8
sim_20260501000444_a18aa9e45b,29,86.56000000000023,6.55480291740821,0.01,6.0,6.0,1,1.376668952052714,0.20689655172413793,0.0,1,1
sim_20260501000444_8a4e350746,26,86.68000000000022,8.210203319223211,0.008,3.0,3.0,2,2.0896773247973424,0.23076923076923078,0.0,1,5
sim_20260501000444_b32c019354,27,85.80000000000024,9.048179728906092,0.012,6.0,6.0,1,2.014085606128225,0.2222222222222222,0.0,1,5
sim_20260501000444_af892db0bd,25,86.57000000000022,7.478006746119263,0.012,6.0,6.0,1,1.5857320336232028,0.24,0.0,1,3
sim_20260501000444_503cea37a2,26,86.68000000000022,6.564646340021028,0.01,3.0,4.0,2,1.1890679267559292,0.23076923076923078,0.0,1,10
sim_20260501000445_6a0ec37739,26,85.90000000000023,9.778857914846895,0.01,6.0,6.0,1,2.647676195084137,0.23076923076923078,0.038461538461538464,1,1
sim_20260501000445_ab4141c4ad,27,86.83000000000021,7.4436952593862316,0.012,6.0,6.0,1,1.960504588958845,0.2222222222222222,0.0,1,5
sim_20260501000445_1bfcaafd89,25,86.74000000000022,7.488380793917884,0.012,6.0,6.0,1,1.9158688735766116,0.24,0.0,1,5
sim_20260501000445_47e3ec1b56,27,72.40000000000018,7.029653980573869,0.01,5.0,5.0,1,1.562421066784087,0.07407407407407407,0.0,1,5
sim_20260501000445_13e52f0e86,28,86.77000000000022,6.9862150357561745,0.01,6.0,6.0,1,1.8081231795633763,0.17857142857142858,0.03571428571428571,1,5
sim_20260501000445_e2008b48bf,25,71.54000000000019,6.910324628678666,0.01,5.0,5.0,1,1.5786560702663215,0.12,0.0,1,5
sim_20260501000445_56d57fe9fe,27,86.55000000000022,8.68198022854159,0.012,6.0,6.0,1,2.2556079934303863,0.2222222222222222,0.0,1,1
sim_20260501000445_d371b99445,29,86.78000000000021,7.698099271493163,0.012,6.0,6.0,1,2.044747575355635,0.20689655172413793,0.0,1,5
sim_20260501000445_9e3886715e,26,86.99000000000021,6.692789810390877,0.01,6.0,6.0,1,1.3223439528634309,0.0,0.0,1,2
sim_20260501000445_e56b772e38,25,86.71000000000022,8.741681337664545,0.012,6.0,6.0,1,1.9856282660942999,0.24,0.0,1,5
sim_20260501000445_fe0328da3d,29,86.73000000000022,6.977878264184142,0.01,6.0,6.0,1,1.8078682855640404,0.0,0.0,1,5
sim_20260501000445_6f81426d76,25,86.74000000000022,7.488380793917884,0.012,6.0,6.0,1,1.9158688735766116,0.24,0.0,1,5
sim_20260501000445_28f88026d9,25,86.39000000000023,9.182926778596311,0.012,6.0,6.0,1,2.338166910824214,0.24,0.0,1,3
sim_20260501000445_0630c56d01,26,86.68000000000022,6.662540924921046,0.01,3.0,4.0,2,1.2587659097011206,0.23076923076923078,0.0,1,10
sim_20260501000446_a6ae361193,26,86.79000000000022,7.485177066240368,0.01,3.0,3.0,2,1.907155009509955,0.23076923076923078,0.0,1,5
sim_20260501000446_b95a39867b,27,86.41000000000022,9.416017807068982,0.01,6.0,6.0,1,2.335675688854574,0.2222222222222222,0.0,1,3
sim_20260501000446_00957a73d6,28,86.44000000000023,9.316760677133686,0.012,6.0,6.0,1,2.0944544948347374,0.21428571428571427,0.0,1,5
sim_20260501000446_61c63757c5,25,86.44000000000023,8.593386299146744,0.01,6.0,6.0,1,1.9010866567627034,0.24,0.0,1,5
sim_20260501000446_e6a188652d,27,57.75000000000015,3.9767457512808733,0.008,2.0,2.0,2,0.5988618288427106,0.0,0.0,2,8
sim_20260501000446_05b22644df,26,85.90000000000023,9.778857914846895,0.012,6.0,6.0,1,2.647676195084137,0.23076923076923078,0.038461538461538464,1,1
sim_20260501000446_2232c26b30,27,86.04000000000023,9.111853886448586,0.012,6.0,6.0,1,2.46840852263637,0.2222222222222222,0.0,2,8
sim_20260501000446_5936f1e022,27,99.77000000000028,9.73485260220113,0.012,7.0,7.0,1,2.090455497798048,0.25925925925925924,0.0,1,3
sim_20260501000446_63438fd50b,26,86.68000000000022,6.692789810390877,0.01,3.0,4.0,2,1.2433929044090957,0.0,0.0,1,10
sim_20260501000446_68c83e900c,25,86.48000000000022,9.883366144551616,0.012,6.0,6.0,1,2.434722349191327,0.24,0.04,1,5
sim_20260501000446_4e6eea27fb,31,86.56000000000023,6.614502781833721,0.012,6.0,6.0,1,1.3855269592495318,0.1935483870967742,0.03225806451612903,1,1
sim_20260501000446_6b17ab91a2,30,86.51000000000022,8.455755761532743,0.012,6.0,6.0,1,2.410769998627723,0.2,0.03333333333333333,2,8
sim_20260501000446_8ba4915180,26,86.68000000000022,6.602803532106776,0.01,6.0,6.0,1,1.2744541878064874,0.23076923076923078,0.038461538461538464,1,10
sim_20260501000446_aeeb0230d7,31,86.20000000000023,8.1266182787748,0.012,3.0,3.0,2,2.3587806606402784,0.1935483870967742,0.0,2,8
sim_20260501000447_ac1a868006,25,86.98000000000022,6.740926126005917,0.01,3.0,4.0,2,1.4039468938877577,0.24,0.0,1,2
sim_20260501000447_0b1ec5b5c3,33,100.56000000000027,9.729702369781421,0.012,7.0,7.0,1,2.1042524605433117,0.21212121212121213,0.0,1,2
sim_20260501000447_fbfebc54f2,26,86.56000000000023,9.768423723234065,0.01,3.0,3.0,2,2.6154366842253545,0.23076923076923078,0.0,1,5
sim_20260501000447_0ffe5d2616,30,86.51000000000022,8.455755761532743,0.012,2.0,3.0,3,2.410769998627723,0.2,0.03333333333333333,2,8
sim_20260501000447_c51e88be02,34,86.99000000000021,6.538431010428695,0.01,3.0,4.0,2,1.3498671656294252,0.11764705882352941,0.0,1,2
sim_20260501000447_6b6d1c0292,26,57.75000000000015,3.9356733311583127,0.008,4.0,4.0,1,0.5825771855443914,0.0,0.0,2,8
sim_20260501000447_1a15cc5a32,25,86.98000000000022,6.781592179667371,0.01,3.0,4.0,2,1.4142879809205782,0.24,0.0,1,2
sim_20260501000447_26b4ad1164,30,86.67000000000021,7.220560788666717,0.01,3.0,3.0,2,1.885647232437087,0.2,0.03333333333333333,1,5
sim_20260501000447_3e443b7384,26,86.99000000000021,6.692789810390877,0.01,6.0,6.0,1,1.3223439528634309,0.0,0.0,1,2
sim_20260501000447_69a5a79466,28,86.79000000000022,7.524385166749369,0.01,3.0,3.0,2,1.942874615132731,0.21428571428571427,0.0,1,5
sim_20260501000447_6a85311a3c,30,85.77000000000024,8.79588702521346,0.012,6.0,6.0,1,1.9638198731553334,0.2,0.03333333333333333,1,5
sim_20260501000448_bf7e146475,26,86.44000000000023,8.681740545490527,0.01,6.0,6.0,1,1.9482923027014376,0.23076923076923078,0.038461538461538464,1,5
sim_20260501000448_90741aa312,32,86.82000000000022,7.4161040821301185,0.01,6.0,6.0,1,1.9750096200340483,0.1875,0.0,1,5
sim_20260501000448_f8db06c58f,32,86.56000000000023,6.644313737965575,0.012,6.0,6.0,1,1.3711589450474384,0.1875,0.0625,1,1
sim_20260501000448_d6027b7158,25,86.99000000000021,6.740926126005917,0.01,6.0,6.0,1,1.3667734246285577,0.24,0.0,1,2
sim_20260501000448_29887aaffc,29,86.99000000000021,6.664507453400319,0.01,6.0,6.0,1,1.3778455597987955,0.20689655172413793,0.0,1,2
sim_20260501000448_972559cdf5,26,85.90000000000023,9.778857914846895,0.01,6.0,6.0,1,2.647676195084137,0.23076923076923078,0.038461538461538464,1,1
sim_20260501000448_ba2c06c79b,27,86.60000000000022,9.05763787428262,0.01,3.0,3.0,2,2.387021255025585,0.2222222222222222,0.0,1,5
sim_20260501000448_4d3782ec50,25,86.67000000000021,9.285182715841017,0.012,6.0,6.0,1,2.425526316562076,0.24,0.0,1,5
sim_20260501000448_f36e77bbf1,30,86.99000000000021,6.583763574165431,0.01,6.0,6.0,1,1.324726945364155,0.0,0.0,1,2
sim_20260501000448_b9c4d996d8,28,86.56000000000023,6.5536728990337565,0.01,6.0,6.0,1,1.407672895722265,0.21428571428571427,0.0,1,1
sim_20260501000448_3f88a8921e,26,86.99000000000021,6.453499436221307,0.01,3.0,4.0,2,1.2329045000076646,0.23076923076923078,0.0,1,2
sim_20260501000448_67dd61044d,28,86.44000000000023,9.316760677133686,0.012,6.0,6.0,1,2.0944544948347374,0.21428571428571427,0.0,1,5
sim_20260501000448_7bc330945f,29,86.99000000000021,6.664507453400319,0.01,3.0,4.0,2,1.3778455597987955,0.20689655172413793,0.0,1,2
sim_20260501000448_5330fd620c,28,86.01000000000023,9.068220180347055,0.01,6.0,6.0,1,2.5507643215629012,0.21428571428571427,0.0,2,8
sim_20260501000449_9f230a8dfc,27,86.58000000000023,7.379717244689601,0.012,6.0,6.0,1,1.639920291374463,0.2222222222222222,0.0,1,3
sim_20260501000449_f3324c5add,27,86.26000000000023,7.006640666908169,0.012,3.0,3.0,2,1.7601031008630952,0.1111111111111111,0.037037037037037035,1,5
sim_20260501000449_4a78e6e68f,27,86.55000000000022,8.765484595628635,0.012,6.0,6.0,1,2.293097497158679,0.2222222222222222,0.0,1,1
sim_20260501000449_07d6c409db,27,86.17000000000023,8.729515562837946,0.01,6.0,6.0,1,2.2922421512222644,0.2222222222222222,0.0,1,1
sim_20260501000449_bd76a4e52b,26,85.90000000000023,9.778857914846895,0.01,6.0,6.0,1,2.647676195084137,0.23076923076923078,0.038461538461538464,1,1
sim_20260501000449_4b19ac0bbf,27,57.75000000000015,3.9767457512808733,0.008,4.0,4.0,1,0.5988618288427106,0.0,0.0,2,8
sim_20260501000449_238c58e822,25,86.68000000000022,8.125491232355557,0.008,6.0,6.0,1,2.0266794056468114,0.24,0.04,1,5
sim_20260501000449_5ccb51b0d8,31,86.99000000000021,6.712977221889474,0.01,3.0,4.0,2,1.3996251002248412,0.1935483870967742,0.03225806451612903,1,2
sim_20260501000449_953f8bf7d9,34,86.55000000000022,8.693672467487005,0.012,6.0,6.0,1,2.2726129104220507,0.17647058823529413,0.029411764705882353,1,1
sim_20260501000449_2f087c9bcd,27,86.49000000000022,9.695558850313375,0.01,6.0,6.0,1,2.46857387423341,0.2222222222222222,0.0,1,5
sim_20260501000449_684b4743a1,29,86.98000000000022,6.612756758134424,0.01,3.0,4.0,2,1.3616493894001092,0.20689655172413793,0.0,1,2
sim_20260501000449_44834e6900,26,86.98000000000022,6.394278920267453,0.012,6.0,6.0,1,1.3254864811034885,0.23076923076923078,0.0,1,2
sim_20260501000449_4c0198ba97,35,86.56000000000023,6.546773423314846,0.012,6.0,6.0,1,1.4063863925774802,0.05714285714285714,0.0,1,1
sim_20260501000449_a08aa7952f,29,86.99000000000021,6.612756758134424,0.01,3.0,4.0,2,1.3193097215222076,0.20689655172413793,0.0,1,2
sim_20260501000450_2489392c7d,26,86.99000000000021,6.4416383974210305,0.01,6.0,6.0,1,1.2915707842580744,0.23076923076923078,0.0,1,2
sim_20260501000450_244c3b2ffd,29,86.16000000000022,8.819841068116801,0.01,6.0,6.0,1,2.41296952728867,0.20689655172413793,0.034482758620689655,1,1
sim_20260501000450_3d0f5ed815,29,86.98000000000022,6.612756758134424,0.01,3.0,4.0,2,1.3616493894001092,0.20689655172413793,0.0,1,2
sim_20260501000450_fc1895f8df,29,86.98000000000022,6.612756758134424,0.01,3.0,4.0,2,1.3616493894001092,0.20689655172413793,0.0,1,2
sim_20260501000450_2aa21fb6a0,25,86.67000000000021,9.285182715841017,0.012,6.0,6.0,1,2.425526316562076,0.24,0.0,1,5
sim_20260501000450_a1d2ccf042,27,86.31000000000023,9.330235255984036,0.012,6.0,6.0,1,2.5821522220625437,0.2222222222222222,0.0,2,8
sim_20260501000450_16af20117f,29,84.60000000000026,9.303631956541182,0.012,6.0,6.0,1,2.1976067719144647,0.06896551724137931,0.0,1,1
sim_20260501000450_2b720c7985,27,57.75000000000015,3.9767457512808733,0.008,4.0,4.0,1,0.5988618288427106,0.0,0.0,2,8
sim_20260501000450_7a6d35a80e,29,85.81000000000024,7.792825219154906,0.012,6.0,6.0,1,1.7009196990138962,0.20689655172413793,0.0,1,5
sim_20260501000450_bebd40cfbd,26,86.98000000000022,6.394278920267453,0.012,3.0,4.0,2,1.3254864811034885,0.23076923076923078,0.0,1,2
sim_20260501000450_b5087953a3,26,86.60000000000022,8.28794022698861,0.012,6.0,6.0,1,2.0792287156972526,0.23076923076923078,0.0,1,1
sim_20260501000450_3931774fc4,29,86.21000000000024,8.734475746507911,0.01,6.0,6.0,1,2.3054393650919955,0.20689655172413793,0.0,1,1
sim_20260501000450_d62b2a7268,27,86.83000000000021,7.4436952593862316,0.012,6.0,6.0,1,1.960504588958845,0.2222222222222222,0.0,1,5
sim_20260501000450_5a74225f8d,27,86.17000000000023,8.729515562837946,0.01,6.0,6.0,1,2.2922421512222644,0.2222222222222222,0.0,1,1
sim_20260501000451_2ce0b50710,32,100.51000000000028,9.833696958033869,0.012,3.5,4.0,2,2.222608034207796,0.21875,0.03125,1,2
sim_20260501000451_3979a4ec9c,25,86.72000000000023,7.927491232355493,0.008,6.0,6.0,1,2.0040078841076863,0.24,0.04,1,5
sim_20260501000451_7bca82e587,29,86.54000000000022,8.583053407215345,0.012,3.0,3.0,2,2.4439628262189537,0.20689655172413793,0.0,2,13
sim_20260501000451_1879dcaf8c,29,86.74000000000022,9.041031435824635,0.012,6.0,6.0,1,1.9961353147545273,0.20689655172413793,0.034482758620689655,1,3
sim_20260501000451_3fc8d68fe7,33,85.18000000000025,8.617394010756868,0.012,6.0,6.0,1,2.151231038477092,0.15151515151515152,0.0,1,1
sim_20260501000451_6e13eece8e,26,86.31000000000023,9.11453203337308,0.01,3.0,3.0,2,2.5376527879527773,0.23076923076923078,0.0,2,8
sim_20260501000451_9b5584ec4f,25,85.68000000000023,9.528753940857882,0.008,6.0,6.0,1,2.468133748484937,0.24,0.0,1,1
sim_20260501000451_d53006c27d,27,86.28000000000023,9.196680882731584,0.01,6.0,6.0,1,2.884817432137474,0.2222222222222222,0.0,2,8
sim_20260501000451_992443619e,27,72.40000000000018,7.029653980573869,0.01,2.5,3.0,2,1.562421066784087,0.07407407407407407,0.0,1,5
sim_20260501000451_45a21c59c1,25,86.48000000000022,9.883366144551616,0.012,6.0,6.0,1,2.434722349191327,0.24,0.04,1,5
sim_20260501000451_c2240bf93d,26,86.69000000000023,9.040803232033397,0.01,6.0,6.0,1,2.118330282244862,0.23076923076923078,0.0,1,5
sim_20260501000452_a9d7f2c28c,32,86.74000000000022,6.9319695368525345,0.012,3.0,3.0,2,1.794966498213703,0.1875,0.03125,1,5
sim_20260501000452_bac3ea20a7,31,86.56000000000023,6.645519754292337,0.01,6.0,6.0,1,1.453189823778198,0.1935483870967742,0.03225806451612903,1,1
sim_20260501000452_7cee7cb8f6,26,86.71000000000022,8.631843275454571,0.012,6.0,6.0,1,2.2822730616490268,0.23076923076923078,0.0,1,5
sim_20260501000452_81ad5128ec,32,86.73000000000022,6.956018540792456,0.012,6.0,6.0,1,1.8450797689616,0.1875,0.03125,1,5
sim_20260501000452_da19f6a6d3,33,100.49000000000026,9.575160720108101,0.012,7.0,7.0,1,2.0663276577826144,0.21212121212121213,0.0,1,2
sim_20260501000452_bec15e7f51,28,86.78000000000021,7.546016610561935,0.012,3.0,3.0,2,2.0221180077486376,0.21428571428571427,0.0,1,5
sim_20260501000452_5962a6863a,26,86.68000000000022,8.210203319223211,0.008,6.0,6.0,1,2.0896773247973424,0.23076923076923078,0.0,1,5
sim_20260501000452_c7bcbafdab,25,85.60000000000025,8.602262554362085,0.012,6.0,6.0,1,1.9333583984974125,0.2,0.0,1,3
sim_20260501000452_43a2a96457,26,57.75000000000015,3.9356733311583127,0.008,4.0,4.0,1,0.5825771855443914,0.0,0.0,2,8
sim_20260501000452_8b3706fddc,33,86.98000000000022,6.515540242953051,0.01,3.0,4.0,2,1.3665381335327211,0.0,0.0,1,2
sim_20260501000453_d24780be89,27,86.31000000000023,9.330235255984036,0.012,6.0,6.0,1,2.5821522220625437,0.2222222222222222,0.0,2,8
sim_20260501000453_5c278dd60e,27,86.49000000000022,9.695558850313375,0.01,6.0,6.0,1,2.46857387423341,0.2222222222222222,0.0,1,5
sim_20260501000453_323a2d7b49,25,86.67000000000021,9.285182715841017,0.012,6.0,6.0,1,2.425526316562076,0.24,0.0,1,5
sim_20260501000453_b6070300c7,29,86.78000000000021,7.698099271493163,0.012,3.0,3.0,2,2.044747575355635,0.20689655172413793,0.0,1,5
sim_20260501000453_1609596c43,26,86.78000000000021,7.685575945684775,0.012,3.0,3.0,2,1.9743181842797455,0.23076923076923078,0.0,1,5
sim_20260501000453_bdf9d8df45,28,86.60000000000022,8.310476997957494,0.012,6.0,6.0,1,2.0358019684177706,0.21428571428571427,0.0,1,1
sim_20260501000453_20cebcc20e,26,72.40000000000018,7.118046488846886,0.01,2.5,3.0,2,1.5978016814774678,0.0,0.0,1,5
sim_20260501000453_95de6dd5e0,26,86.68000000000022,6.602803532106776,0.01,3.0,4.0,2,1.2744541878064874,0.23076923076923078,0.038461538461538464,1,10
sim_20260501000453_b7954f28ba,33,86.56000000000023,6.515540242953051,0.012,6.0,6.0,1,1.3885158598229248,0.0,0.0,1,1
sim_20260501000453_306971a4d6,26,86.67000000000021,8.182483205999347,0.012,6.0,6.0,1,2.1226750029918535,0.23076923076923078,0.0,1,5
sim_20260501000453_fd3fff2c54,25,86.54000000000022,8.603859606581352,0.012,6.0,6.0,1,2.484365534724332,0.24,0.0,2,13
sim_20260501000453_09e5ea3b62,25,100.68000000000026,9.929946320562294,0.012,3.5,4.0,2,2.217272055175881,0.28,0.0,1,2
sim_20260501000453_142eaf1ab9,26,57.75000000000015,3.9356733311583127,0.008,4.0,4.0,1,0.5825771855443914,0.0,0.0,2,8
sim_20260501000453_4c4bc9af39,34,85.83000000000024,8.119548269804994,0.012,6.0,6.0,1,1.9990186115877016,0.17647058823529413,0.0,1,1
sim_20260501000454_0771697e87,30,86.98000000000022,6.583763574165431,0.01,6.0,6.0,1,1.3678063377913168,0.0,0.0,1,2
sim_20260501000454_c5523ed404,34,86.98000000000022,6.591372661464362,0.01,2.0,2.0,3,1.3589624067602262,0.17647058823529413,0.029411764705882353,1,2
sim_20260501000454_c9b127fb9a,28,86.98000000000022,6.638116352541886,0.01,3.0,4.0,2,1.4031295247783524,0.21428571428571427,0.0,1,2
sim_20260501000454_b4e5cde860,29,86.98000000000022,6.652927061064389,0.01,6.0,6.0,1,1.3690031859166587,0.20689655172413793,0.0,1,2
sim_20260501000454_a5177b8f15,27,85.80000000000024,9.048179728906092,0.012,6.0,6.0,1,2.014085606128225,0.2222222222222222,0.0,1,5
sim_20260501000454_09c75293ea,26,86.72000000000023,8.012203319223147,0.008,6.0,6.0,1,2.066093641737104,0.23076923076923078,0.0,1,5
sim_20260501000454_852adb1bde,25,85.68000000000023,9.528753940857882,0.008,6.0,6.0,1,2.468133748484937,0.24,0.0,1,1
sim_20260501000454_be1c257974,29,86.99000000000021,6.5869415999797525,0.01,6.0,6.0,1,1.3461909357435502,0.20689655172413793,0.0,1,2
sim_20260501000454_3aa09fb692,31,86.56000000000023,6.614502781833721,0.012,6.0,6.0,1,1.3855269592495318,0.1935483870967742,0.03225806451612903,1,1
sim_20260501000454_3c5bddae75,30,86.43000000000022,8.867572520016154,0.012,6.0,6.0,1,2.0905448668990743,0.2,0.0,1,3
sim_20260501000454_abfd1e3dae,28,72.40000000000018,7.112522243477372,0.01,5.0,5.0,1,1.6017919564858734,0.0,0.0,1,5
sim_20260501000454_e46522751a,32,86.73000000000022,6.956018540792456,0.012,6.0,6.0,1,1.8450797689616,0.1875,0.03125,1,5
sim_20260501000454_d0fe195f97,25,86.71000000000022,8.741681337664545,0.012,6.0,6.0,1,1.9856282660942999,0.24,0.0,1,5
sim_20260501000455_bc29230ac9,32,86.99000000000021,6.533163351716524,0.012,6.0,6.0,1,1.3705989997978965,0.1875,0.03125,1,2
sim_20260501000455_acd99fe656,25,71.4100000000002,9.565337578665691,0.008,5.0,5.0,1,2.415600019006972,0.16,0.0,1,1
sim_20260501000455_57546a2888,28,86.26000000000023,7.05701277391222,0.01,6.0,6.0,1,1.8054530174978984,0.0,0.0,1,5
sim_20260501000455_f9ca4e27c4,25,86.72000000000023,7.927491232355493,0.008,3.0,3.0,2,2.0040078841076863,0.24,0.04,1,5
sim_20260501000455_8b3154e304,26,86.53000000000023,8.676288469545625,0.012,6.0,6.0,1,2.5337288690017123,0.23076923076923078,0.038461538461538464,2,8
sim_20260501000455_a65de2db4e,33,100.49000000000026,9.575160720108101,0.012,7.0,7.0,1,2.0663276577826144,0.21212121212121213,0.0,1,2
sim_20260501000455_0c7cd9503e,26,72.40000000000018,7.118046488846886,0.01,2.5,3.0,2,1.5978016814774678,0.0,0.0,1,5
sim_20260501000455_b043a38ac1,26,72.40000000000018,7.118046488846886,0.01,5.0,5.0,1,1.5978016814774678,0.0,0.0,1,5
sim_20260501000455_f39dd83ba5,26,86.60000000000022,8.28794022698861,0.012,6.0,6.0,1,2.0792287156972526,0.23076923076923078,0.0,1,1
sim_20260501000455_dfe806db4e,34,86.98000000000022,6.7547729456557875,0.01,3.0,4.0,2,1.4350186831275829,0.17647058823529413,0.0,1,2
sim_20260501000455_0cf63eea2e,32,86.39000000000023,9.93463792423944,0.012,6.0,6.0,1,2.657364808644481,0.1875,0.0,1,5
sim_20260501000455_264d564d0c,33,86.98000000000022,6.515540242953051,0.01,3.0,4.0,2,1.3665381335327211,0.0,0.0,1,2
sim_20260501000456_54217a9a77,27,86.71000000000022,8.277913632675848,0.008,6.0,6.0,1,2.157707552069103,0.2222222222222222,0.0,1,5
sim_20260501000456_8fe75518b7,26,86.99000000000021,6.4710244875140575,0.01,3.0,4.0,2,1.2812657237317684,0.23076923076923078,0.0,1,2
sim_20260501000456_4e12a8af16,27,72.40000000000018,7.029653980573869,0.01,5.0,5.0,1,1.562421066784087,0.07407407407407407,0.0,1,5
sim_20260501000456_fa611e857a,30,86.56000000000023,6.583763574165431,0.01,6.0,6.0,1,1.3880363040147887,0.0,0.0,1,1
sim_20260501000456_7feab70d31,32,86.60000000000022,6.763827396141693,0.01,3.0,4.0,2,1.376023692021924,0.1875,0.03125,1,1
sim_20260501000456_4855674c4b,25,71.2300000000002,8.250028356063694,0.01,5.0,5.0,1,2.04018604545179,0.12,0.0,1,1
sim_20260501000456_c75bd2cd34,32,86.56000000000023,6.676213522311741,0.012,6.0,6.0,1,1.4234798010922898,0.1875,0.0,1,1
sim_20260501000456_af0c6faa97,27,57.75000000000015,3.9767457512808733,0.008,4.0,4.0,1,0.5988618288427106,0.0,0.0,2,8
sim_20260501000456_33f9a6dcce,26,86.67000000000021,8.182483205999347,0.012,6.0,6.0,1,2.1226750029918535,0.23076923076923078,0.0,1,5
sim_20260501000456_22d448145b,31,86.63000000000022,9.47125252936388,0.01,6.0,6.0,1,2.524109560047924,0.1935483870967742,0.0,1,5
sim_20260501000456_909f536129,32,86.99000000000021,6.533163351716524,0.012,6.0,6.0,1,1.3705989997978965,0.1875,0.03125,1,2
sim_20260501000456_a2b53c6465,26,86.05000000000024,7.1047189841792715,0.01,3.0,3.0,2,1.7151777677917563,0.11538461538461539,0.0,1,5
sim_20260501000457_7e5ef42db2,31,86.99000000000021,6.643868057175212,0.01,6.0,6.0,1,1.382593555530574,0.1935483870967742,0.0,1,2
sim_20260501000457_26e0383c7f,26,86.98000000000022,6.692789810390877,0.01,6.0,6.0,1,1.35450810950154,0.0,0.0,1,2
sim_20260501000457_2629923dfc,30,86.60000000000022,8.354657217528029,0.012,6.0,6.0,1,2.0908806829426148,0.2,0.03333333333333333,1,1
sim_20260501000457_731e7db2e0,26,86.76000000000022,9.334657009681052,0.012,6.0,6.0,1,2.148880442411566,0.23076923076923078,0.0,1,3
sim_20260501000457_551f6c7d33,26,100.55000000000027,9.950049479040075,0.014,3.5,4.0,2,2.1817763345055585,0.2692307692307692,0.0,1,2
sim_20260501000457_871732a29f,25,85.93000000000023,8.911484235154376,0.01,6.0,6.0,1,2.337110414751139,0.24,0.0,1,1
sim_20260501000457_dc52b2d5cf,26,86.67000000000021,7.962092488551463,0.012,6.0,6.0,1,2.0742290832517543,0.23076923076923078,0.0,1,5
sim_20260501000457_7dbac28dd8,28,86.77000000000022,6.9862150357561745,0.01,6.0,6.0,1,1.8081231795633763,0.17857142857142858,0.03571428571428571,1,5
sim_20260501000457_44205eb76f,27,86.26000000000023,7.006640666908169,0.012,6.0,6.0,1,1.7601031008630952,0.1111111111111111,0.037037037037037035,1,5
sim_20260501000457_e73e7a9fee,28,86.77000000000022,6.995632673463433,0.012,6.0,6.0,1,1.8025508869729363,0.21428571428571427,0.03571428571428571,1,5
sim_20260501000457_c8389c5fd1,30,86.53000000000023,9.24781227522277,0.01,6.0,6.0,1,2.4628339939978017,0.2,0.0,1,3
sim_20260501000458_a639783f25,32,86.56000000000023,6.588303279386309,0.01,6.0,6.0,1,1.172716898612677,0.1875,0.0,1,1
sim_20260501000458_19811c83f1,26,86.21000000000024,8.859797009081717,0.012,6.0,6.0,1,2.3234177693413325,0.23076923076923078,0.0,1,1
sim_20260501000458_315b5dbd0e,29,86.71000000000022,8.806856605738972,0.01,6.0,6.0,1,2.0226577210762695,0.20689655172413793,0.0,1,5
sim_20260501000458_f5b6fa73a3,35,86.60000000000022,6.653854450666444,0.012,6.0,6.0,1,1.3924519091997203,0.17142857142857143,0.0,1,1
sim_20260501000458_7a7e7b155b,26,57.75000000000015,3.9356733311583127,0.008,2.0,2.0,2,0.5825771855443914,0.0,0.0,2,8
sim_20260501000458_7389cdb7f6,32,86.39000000000023,9.93463792423944,0.012,6.0,6.0,1,2.657364808644481,0.1875,0.0,1,5
sim_20260501000458_b08207fbe6,35,86.56000000000023,6.546773423314846,0.012,6.0,6.0,1,1.4063863925774802,0.05714285714285714,0.0,1,1
sim_20260501000458_622f831624,27,86.60000000000022,9.05763787428262,0.01,6.0,6.0,1,2.387021255025585,0.2222222222222222,0.0,1,5
sim_20260501000458_d2adbf1e68,27,86.26000000000023,7.006640666908169,0.012,6.0,6.0,1,1.7601031008630952,0.1111111111111111,0.037037037037037035,1,5
sim_20260501000458_a67e6f777a,29,86.69000000000023,6.998469270005501,0.012,3.0,3.0,2,1.8170532823743015,0.20689655172413793,0.0,1,5
sim_20260501000458_b0849b64bb,28,86.20000000000023,8.165963480709763,0.01,6.0,6.0,1,2.346415042535079,0.21428571428571427,0.0,2,8
sim_20260501000458_1903c131b6,30,86.67000000000021,7.220560788666717,0.01,6.0,6.0,1,1.885647232437087,0.2,0.03333333333333333,1,5
sim_20260501000458_a83ec06070,28,86.99000000000021,6.605831574959012,0.01,6.0,6.0,1,1.3266238777438866,0.21428571428571427,0.0,1,2
sim_20260501000459_500a27cc94,25,100.68000000000026,9.929946320562294,0.012,3.5,4.0,2,2.217272055175881,0.28,0.0,1,2
sim_20260501000459_88cd0208db,29,86.78000000000021,7.698099271493163,0.012,6.0,6.0,1,2.044747575355635,0.20689655172413793,0.0,1,5
sim_20260501000459_825802d754,32,86.74000000000022,6.9319695368525345,0.012,6.0,6.0,1,1.794966498213703,0.1875,0.03125,1,5
sim_20260501000459_68f8fcdd59,28,86.44000000000023,9.316760677133686,0.012,6.0,6.0,1,2.0944544948347374,0.21428571428571427,0.0,1,5
sim_20260501000459_9f6982409d,31,86.20000000000023,8.1266182787748,0.012,3.0,3.0,2,2.3587806606402784,0.1935483870967742,0.0,2,8
sim_20260501000459_da1a0315c6,33,86.25000000000023,6.628879229020612,0.012,6.0,6.0,1,1.4456271261166886,0.18181818181818182,0.0,1,3
sim_20260501000459_a3252adf0d,28,86.43000000000022,8.083187361394238,0.012,6.0,6.0,1,1.7950783595159834,0.21428571428571427,0.0,1,5
sim_20260501000459_74a9d8e0de,26,86.63000000000022,9.086231595110263,0.01,6.0,6.0,1,2.3107912766003174,0.23076923076923078,0.0,1,5
sim_20260501000459_e59ae51b97,27,85.80000000000024,9.048179728906092,0.012,6.0,6.0,1,2.014085606128225,0.2222222222222222,0.0,1,5
sim_20260501000459_7eba0d0ba6,27,86.20000000000023,7.052857973132745,0.012,6.0,6.0,1,1.6228537647308539,0.2222222222222222,0.0,1,3
sim_20260501000459_d706d0bb2a,28,86.01000000000023,9.068220180347055,0.01,6.0,6.0,1,2.5507643215629012,0.21428571428571427,0.0,2,8
sim_20260501000459_d9d1447486,25,71.2300000000002,8.250028356063694,0.01,5.0,5.0,1,2.04018604545179,0.12,0.0,1,1
sim_20260501000459_5b2a3cd751,28,86.28000000000023,7.034428644662995,0.012,3.0,3.0,2,1.7929581501598517,0.07142857142857142,0.0,1,5
sim_20260501000459_7b1b0c3e32,29,86.98000000000022,6.629459427217171,0.01,3.0,4.0,2,1.3869463042774546,0.20689655172413793,0.0,1,2
sim_20260501000500_ba18d7e8e4,26,86.48000000000022,9.855432482968695,0.012,6.0,6.0,1,2.426790749389359,0.23076923076923078,0.0,1,5
sim_20260501000500_7946a1ba99,25,86.67000000000021,9.285182715841017,0.012,6.0,6.0,1,2.425526316562076,0.24,0.0,1,5
sim_20260501000500_fe74c1d3e1,29,86.77000000000022,6.941878264184197,0.01,6.0,6.0,1,1.80803810842496,0.0,0.0,1,5
sim_20260501000500_10675f09ee,31,86.76000000000022,9.27265861425181,0.01,6.0,6.0,1,2.1414813339483523,0.1935483870967742,0.0,1,3
sim_20260501000500_fd3b79a582,27,86.49000000000022,9.695558850313375,0.01,6.0,6.0,1,2.46857387423341,0.2222222222222222,0.0,1,5
sim_20260501000500_85d81022e3,29,86.99000000000021,6.574587648873745,0.01,3.0,4.0,2,1.315406837393411,0.06896551724137931,0.0,1,2
sim_20260501000500_285b74070b,34,86.56000000000023,6.597906607570167,0.01,3.0,4.0,2,1.350860999381124,0.17647058823529413,0.0,1,1
sim_20260501000500_c47f58859b,26,86.63000000000022,9.086231595110263,0.01,6.0,6.0,1,2.3107912766003174,0.23076923076923078,0.0,1,5
sim_20260501000500_c927532578,26,86.76000000000022,9.334657009681052,0.012,6.0,6.0,1,2.148880442411566,0.23076923076923078,0.0,1,3
sim_20260501000500_bb69c381e3,32,86.47000000000023,9.39655584640522,0.01,6.0,6.0,1,2.4678444103096653,0.1875,0.0,1,5
sim_20260501000500_bc8c64a06d,25,71.2300000000002,8.250028356063694,0.01,5.0,5.0,1,2.04018604545179,0.12,0.0,1,1
sim_20260501000501_98d760a397,34,86.98000000000022,6.591372661464362,0.01,2.0,2.0,3,1.3589624067602262,0.17647058823529413,0.029411764705882353,1,2
sim_20260501000501_614f6694a6,29,86.73000000000022,6.977878264184142,0.01,6.0,6.0,1,1.8078682855640404,0.0,0.0,1,5
sim_20260501000501_c4d438e84e,31,86.76000000000022,9.27265861425181,0.01,6.0,6.0,1,2.1414813339483523,0.1935483870967742,0.0,1,3
sim_20260501000501_ee1e20c863,33,86.99000000000021,6.707176590247855,0.01,6.0,6.0,1,1.3525839334858238,0.18181818181818182,0.0,1,2
sim_20260501000501_d4dc0c5d4a,29,86.54000000000022,8.583053407215345,0.012,6.0,6.0,1,2.4439628262189537,0.20689655172413793,0.0,2,13
sim_20260501000501_f75af5eb03,25,86.99000000000021,6.740926126005917,0.01,6.0,6.0,1,1.3667734246285577,0.24,0.0,1,2
sim_20260501000501_688757e563,33,85.18000000000025,8.617394010756868,0.012,6.0,6.0,1,2.151231038477092,0.15151515151515152,0.0,1,1
sim_20260501000501_f70a35ae43,34,85.83000000000024,8.119548269804994,0.012,6.0,6.0,1,1.9990186115877016,0.17647058823529413,0.0,1,1
sim_20260501000501_869bbbfb68,34,86.56000000000023,6.597906607570167,0.01,6.0,6.0,1,1.350860999381124,0.17647058823529413,0.0,1,1
sim_20260501000501_aee453c91e,29,86.98000000000022,6.557564315026212,0.01,6.0,6.0,1,1.3712071901270573,0.06896551724137931,0.034482758620689655,1,2
sim_20260501000501_995f76b419,26,86.68000000000022,6.627869395558321,0.01,3.0,4.0,2,1.2889627398303967,0.23076923076923078,0.038461538461538464,1,10
sim_20260501000501_915f6a4613,29,86.73000000000022,6.977878264184142,0.01,3.0,3.0,2,1.8078682855640404,0.0,0.0,1,5
sim_20260501000502_921389a8f6,30,86.98000000000022,6.583763574165431,0.01,3.0,4.0,2,1.3678063377913168,0.0,0.0,1,2
sim_20260501000502_ffe8a51ffe,26,57.75000000000015,3.9356733311583127,0.008,2.0,2.0,2,0.5825771855443914,0.0,0.0,2,8
sim_20260501000502_ad0e4d3983,31,86.67000000000021,7.861628540631045,0.012,6.0,6.0,1,2.0795619333831956,0.1935483870967742,0.0,1,5
sim_20260501000502_51d88a196f,26,86.68000000000022,6.692789810390877,0.01,3.0,4.0,2,1.2433929044090957,0.0,0.0,1,10
sim_20260501000502_e34a664734,32,86.56000000000023,6.588303279386309,0.01,6.0,6.0,1,1.172716898612677,0.1875,0.0,1,1
sim_20260501000502_71665500a5,32,86.73000000000022,6.956018540792456,0.012,3.0,3.0,2,1.8450797689616,0.1875,0.03125,1,5
sim_20260501000502_ce62176dc0,25,86.54000000000022,9.089275729788113,0.012,6.0,6.0,1,2.2598029716670722,0.24,0.04,1,3
sim_20260501000502_825d9827fc,29,84.60000000000026,9.303631956541182,0.012,6.0,6.0,1,2.1976067719144647,0.06896551724137931,0.0,1,1
sim_20260501000502_dd281f0288,26,86.79000000000022,7.485177066240368,0.01,6.0,6.0,1,1.907155009509955,0.23076923076923078,0.0,1,5
sim_20260501000502_673687c6f9,28,86.28000000000023,7.034428644662995,0.012,3.0,3.0,2,1.7929581501598517,0.07142857142857142,0.0,1,5
sim_20260501000502_c793b52457,27,86.58000000000023,7.379717244689601,0.012,6.0,6.0,1,1.639920291374463,0.2222222222222222,0.0,1,3
sim_20260501000503_a40f7ef7b8,25,86.74000000000022,7.488380793917884,0.012,6.0,6.0,1,1.9158688735766116,0.24,0.0,1,5
sim_20260501000503_621a211cf6,28,86.78000000000021,7.546016610561935,0.012,3.0,3.0,2,2.0221180077486376,0.21428571428571427,0.0,1,5
sim_20260501000503_d6de21fd06,26,86.43000000000022,8.030925100584511,0.012,6.0,6.0,1,1.7900320599843231,0.23076923076923078,0.0,1,5
sim_20260501000503_61c52652dd,25,86.49000000000022,9.758461184374653,0.012,6.0,6.0,1,2.514409540557615,0.24,0.04,1,5
sim_20260501000503_c469428b2f,28,72.40000000000018,7.112522243477372,0.01,5.0,5.0,1,1.6017919564858734,0.0,0.0,1,5
sim_20260501000503_70fb48d691,29,86.98000000000022,6.629459427217171,0.01,3.0,4.0,2,1.3869463042774546,0.20689655172413793,0.0,1,2
sim_20260501000503_933dbf7bab,26,86.21000000000024,8.859797009081717,0.012,6.0,6.0,1,2.3234177693413325,0.23076923076923078,0.0,1,1
sim_20260501000503_a7d01bfb9b,26,86.67000000000021,7.962092488551463,0.012,6.0,6.0,1,2.0742290832517543,0.23076923076923078,0.0,1,5
sim_20260501000503_20c8363aaa,25,86.74000000000022,8.896171632664363,0.012,6.0,6.0,1,1.9807012572894034,0.24,0.04,1,3
sim_20260501000503_72dcf226c3,26,86.68000000000022,6.692789810390877,0.01,3.0,4.0,2,1.2433929044090957,0.0,0.0,1,10
sim_20260501000503_e07933f1e5,26,86.05000000000024,7.1047189841792715,0.01,3.0,3.0,2,1.7151777677917563,0.11538461538461539,0.0,1,5
sim_20260501000504_49ca3c6ffc,26,86.31000000000023,9.11453203337308,0.01,3.0,3.0,2,2.5376527879527773,0.23076923076923078,0.0,2,8
sim_20260501000504_02d0c9aace,26,86.67000000000021,7.962092488551463,0.012,6.0,6.0,1,2.0742290832517543,0.23076923076923078,0.0,1,5
sim_20260501000504_1634c3aead,26,86.60000000000022,8.28794022698861,0.012,6.0,6.0,1,2.0792287156972526,0.23076923076923078,0.0,1,1
sim_20260501000504_3a81b38634,29,86.16000000000022,8.819841068116801,0.01,6.0,6.0,1,2.41296952728867,0.20689655172413793,0.034482758620689655,1,1
sim_20260501000504_1a9ee194f4,25,86.72000000000023,7.927491232355493,0.008,6.0,6.0,1,2.0040078841076863,0.24,0.04,1,5
sim_20260501000504_85fb288aac,25,85.68000000000023,9.528753940857882,0.008,6.0,6.0,1,2.468133748484937,0.24,0.0,1,1
sim_20260501000504_b7f59e6274,25,86.68000000000022,8.125491232355557,0.008,3.0,3.0,2,2.0266794056468114,0.24,0.04,1,5
sim_20260501000504_185bcf5183,25,86.39000000000023,9.182926778596311,0.012,6.0,6.0,1,2.338166910824214,0.24,0.0,1,3
sim_20260501000504_da51ad498f,26,86.01000000000023,7.440393427606182,0.012,6.0,6.0,1,1.6768220703191912,0.23076923076923078,0.0,1,5
sim_20260501000504_964a855f1c,26,86.98000000000022,6.680120457000669,0.01,3.0,4.0,2,1.3606065155697105,0.07692307692307693,0.0,1,2
sim_20260501000504_3918d48a7d,31,86.99000000000021,6.712977221889474,0.01,6.0,6.0,1,1.3996251002248412,0.1935483870967742,0.03225806451612903,1,2
sim_20260501000504_504c05f24d,25,86.28000000000023,9.207668749886324,0.01,6.0,6.0,1,2.7873386736349937,0.24,0.0,2,8
sim_20260501000504_478eb9817f,29,86.98000000000022,6.652927061064389,0.01,3.0,4.0,2,1.3690031859166587,0.20689655172413793,0.0,1,2
sim_20260501000504_9e197e6bb7,29,86.21000000000024,8.734475746507911,0.01,6.0,6.0,1,2.3054393650919955,0.20689655172413793,0.0,1,1
sim_20260501000505_20331422c3,28,86.01000000000023,9.068220180347055,0.01,6.0,6.0,1,2.5507643215629012,0.21428571428571427,0.0,2,8
sim_20260501000505_3b42ffee89,30,86.56000000000023,6.634527061469555,0.01,6.0,6.0,1,1.3787985187717298,0.2,0.0,1,1
sim_20260501000505_e60285b4d7,27,86.28000000000023,9.196680882731584,0.01,6.0,6.0,1,2.884817432137474,0.2222222222222222,0.0,2,8
sim_20260501000505_ddc78e04da,27,57.75000000000015,3.9767457512808733,0.008,2.0,2.0,2,0.5988618288427106,0.0,0.0,2,8
sim_20260501000505_2740edf09b,28,72.40000000000018,7.112522243477372,0.01,5.0,5.0,1,1.6017919564858734,0.0,0.0,1,5
sim_20260501000505_50c3432987,32,86.99000000000021,6.69953766030477,0.01,6.0,6.0,1,1.3872233971300318,0.1875,0.0,1,2
sim_20260501000505_2ca89b5fad,26,86.31000000000023,9.11453203337308,0.01,6.0,6.0,1,2.5376527879527773,0.23076923076923078,0.0,2,8
sim_20260501000505_389eaa84f3,26,86.68000000000022,6.627869395558321,0.01,3.0,4.0,2,1.2889627398303967,0.23076923076923078,0.038461538461538464,1,10
sim_20260501000505_fb628d7f3d,28,86.20000000000023,8.165963480709763,0.01,3.0,3.0,2,2.346415042535079,0.21428571428571427,0.0,2,8
sim_20260501000505_cdc7fc8051,27,86.42000000000023,8.849733988528442,0.012,6.0,6.0,1,2.1298179317802757,0.2222222222222222,0.0,1,3
sim_20260501000505_d34ccf7a34,28,99.25500000000027,9.846039780858973,0.014,7.0,7.0,1,2.858700022870131,0.25,0.0,2,8
sim_20260501000505_b7f5cd33fc,25,86.74000000000022,7.488380793917884,0.012,3.0,3.0,2,1.9158688735766116,0.24,0.0,1,5
sim_20260501000505_d462c5dd1e,29,86.69000000000023,6.998469270005501,0.012,3.0,3.0,2,1.8170532823743015,0.20689655172413793,0.0,1,5
sim_20260501000505_b2b1624cc4,26,86.71000000000022,8.631843275454571,0.012,6.0,6.0,1,2.2822730616490268,0.23076923076923078,0.0,1,5
sim_20260501000506_8e70071299,34,85.83000000000024,8.119548269804994,0.012,6.0,6.0,1,1.9990186115877016,0.17647058823529413,0.0,1,1
sim_20260501000506_d6479ff0f7,26,86.99000000000021,6.692789810390877,0.01,6.0,6.0,1,1.3223439528634309,0.0,0.0,1,2
sim_20260501000506_8843ddc06d,25,85.93000000000023,8.911484235154376,0.01,6.0,6.0,1,2.337110414751139,0.24,0.0,1,1
sim_20260501000506_1a0cd8990e,27,86.58000000000023,7.379717244689601,0.012,6.0,6.0,1,1.639920291374463,0.2222222222222222,0.0,1,3
sim_20260501000506_97b050517b,29,86.99000000000021,6.612756758134424,0.01,3.0,4.0,2,1.3193097215222076,0.20689655172413793,0.0,1,2
sim_20260501000506_6e141865cd,25,85.96000000000024,9.530604092190913,0.012,6.0,6.0,1,2.1840243699200173,0.24,0.0,1,3
sim_20260501000506_64d0bebd83,31,86.99000000000021,6.643868057175212,0.01,6.0,6.0,1,1.382593555530574,0.1935483870967742,0.0,1,2
sim_20260501000506_210d55e3dd,26,86.05000000000024,7.1047189841792715,0.01,6.0,6.0,1,1.7151777677917563,0.11538461538461539,0.0,1,5
sim_20260501000506_3aa2e740d0,29,86.16000000000022,8.819841068116801,0.01,6.0,6.0,1,2.41296952728867,0.20689655172413793,0.034482758620689655,1,1
sim_20260501000506_fa6670f8bd,27,86.04000000000023,9.111853886448586,0.012,6.0,6.0,1,2.46840852263637,0.2222222222222222,0.0,2,8
sim_20260501000506_ac0641300c,29,84.82000000000026,9.046868683636774,0.012,6.0,6.0,1,2.0846893158806212,0.1724137931034483,0.0,1,1
sim_20260501000506_972e3fa653,30,86.62000000000022,6.65169615454775,0.01,6.0,6.0,1,1.275351980211083,0.2,0.0,1,1
sim_20260501000506_628b4c1f76,25,86.99000000000021,6.740926126005917,0.01,6.0,6.0,1,1.3667734246285577,0.24,0.0,1,2
sim_20260501000507_f35c005012,25,86.71000000000022,8.741681337664545,0.012,6.0,6.0,1,1.9856282660942999,0.24,0.0,1,5
sim_20260501000507_3ea9a0c76b,27,86.17000000000023,8.729515562837946,0.01,6.0,6.0,1,2.2922421512222644,0.2222222222222222,0.0,1,1
sim_20260501000507_596b0f10c1,34,86.98000000000022,6.591372661464362,0.01,2.0,2.0,3,1.3589624067602262,0.17647058823529413,0.029411764705882353,1,2
sim_20260501000507_370f8dab70,30,86.99000000000021,6.583763574165431,0.01,3.0,4.0,2,1.324726945364155,0.0,0.0,1,2
sim_20260501000507_8876ca6c74,31,86.56000000000023,6.645519754292337,0.01,6.0,6.0,1,1.453189823778198,0.1935483870967742,0.03225806451612903,1,1
sim_20260501000507_98e9383b91,30,86.56000000000023,6.6283140232259825,0.012,3.0,4.0,2,1.4254987798262055,0.06666666666666667,0.0,1,1
sim_20260501000507_7b45173f99,30,86.51000000000022,8.455755761532743,0.012,2.0,3.0,3,2.410769998627723,0.2,0.03333333333333333,2,8
sim_20260501000507_2ef5c0051a,28,86.77000000000022,6.9862150357561745,0.01,3.0,3.0,2,1.8081231795633763,0.17857142857142858,0.03571428571428571,1,5
sim_20260501000507_bec8484be6,26,57.75000000000015,3.9356733311583127,0.008,4.0,4.0,1,0.5825771855443914,0.0,0.0,2,8
sim_20260501000507_d56367d489,26,86.56000000000023,9.768423723234065,0.01,3.0,3.0,2,2.6154366842253545,0.23076923076923078,0.0,1,5
sim_20260501000507_92082a9887,28,86.79000000000022,7.524385166749369,0.01,6.0,6.0,1,1.942874615132731,0.21428571428571427,0.0,1,5
sim_20260501000507_14f1daa24c,32,86.74000000000022,6.9319695368525345,0.012,6.0,6.0,1,1.794966498213703,0.1875,0.03125,1,5
sim_20260501000507_ca5bfc229f,25,86.98000000000022,6.644863736618788,0.01,6.0,6.0,1,1.3692670870559869,0.24,0.0,1,2
sim_20260501000508_67f6d3df74,25,86.68000000000022,8.125491232355557,0.008,6.0,6.0,1,2.0266794056468114,0.24,0.04,1,5
sim_20260501000508_3b524395cb,33,86.99000000000021,6.707176590247855,0.01,6.0,6.0,1,1.3525839334858238,0.18181818181818182,0.0,1,2
sim_20260501000508_51bfe25550,29,99.78000000000029,9.956958937593356,0.012,7.0,7.0,1,2.4673208936191537,0.2413793103448276,0.0,1,1
sim_20260501000508_7772a6eb1a,28,99.25500000000027,9.846039780858973,0.014,7.0,7.0,1,2.858700022870131,0.25,0.0,2,8
sim_20260501000508_d23eecd466,25,71.54000000000019,6.910324628678666,0.01,5.0,5.0,1,1.5786560702663215,0.12,0.0,1,5
sim_20260501000508_d201327857,28,86.82000000000022,7.408652170140755,0.01,3.0,3.0,2,2.0085098123516865,0.21428571428571427,0.03571428571428571,1,5
sim_20260501000508_8386037591,26,86.67000000000021,8.182483205999347,0.012,6.0,6.0,1,2.1226750029918535,0.23076923076923078,0.0,1,5
sim_20260501000508_657c4403a8,25,86.54000000000022,9.089275729788113,0.012,6.0,6.0,1,2.2598029716670722,0.24,0.04,1,3
sim_20260501000508_c7ae8494bf,32,86.47000000000023,9.39655584640522,0.01,6.0,6.0,1,2.4678444103096653,0.1875,0.0,1,5
sim_20260501000508_3c69d2db86,31,86.76000000000022,9.27265861425181,0.01,6.0,6.0,1,2.1414813339483523,0.1935483870967742,0.0,1,3
sim_20260501000508_7991dc2757,26,86.20000000000023,8.17754821345153,0.008,6.0,6.0,1,2.344198031356587,0.23076923076923078,0.038461538461538464,2,8
sim_20260501000508_fd75aa8170,29,86.74000000000022,9.041031435824635,0.012,6.0,6.0,1,1.9961353147545273,0.20689655172413793,0.034482758620689655,1,3
sim_20260501000508_e1a1c94b61,26,86.68000000000022,6.602803532106776,0.01,3.0,4.0,2,1.2744541878064874,0.23076923076923078,0.038461538461538464,1,10
sim_20260501000508_1cb30b20b9,25,71.4100000000002,9.565337578665691,0.008,5.0,5.0,1,2.415600019006972,0.16,0.0,1,1
sim_20260501000509_b22dd5af7c,30,86.43000000000022,8.867572520016154,0.012,6.0,6.0,1,2.0905448668990743,0.2,0.0,1,3
sim_20260501000509_d40f156212,27,86.58000000000023,7.379717244689601,0.012,6.0,6.0,1,1.639920291374463,0.2222222222222222,0.0,1,3
sim_20260501000509_0c727ca482,29,86.99000000000021,6.664507453400319,0.01,3.0,4.0,2,1.3778455597987955,0.20689655172413793,0.0,1,2
sim_20260501000509_d35a6cda4f,25,100.14000000000027,9.965603917589675,0.014,7.0,7.0,1,2.142634983621716,0.28,0.0,1,5
sim_20260501000509_58763aa832,34,86.98000000000022,6.7547729456557875,0.01,3.0,4.0,2,1.4350186831275829,0.17647058823529413,0.0,1,2
sim_20260501000509_ff7065f150,31,86.63000000000022,9.47125252936388,0.01,6.0,6.0,1,2.524109560047924,0.1935483870967742,0.0,1,5
sim_20260501000509_c69ba5d350,33,100.56000000000027,9.729702369781421,0.012,7.0,7.0,1,2.1042524605433117,0.21212121212121213,0.0,1,2
sim_20260501000509_0e0070751c,25,86.57000000000022,7.478006746119263,0.012,6.0,6.0,1,1.5857320336232028,0.24,0.0,1,3
sim_20260501000509_60d9250083,28,86.74000000000022,7.079716452224687,0.01,3.0,3.0,2,1.865929709627781,0.21428571428571427,0.03571428571428571,1,5
sim_20260501000509_4d4ea77c57,29,86.98000000000022,6.616711211283956,0.01,3.0,4.0,2,1.361906979489667,0.20689655172413793,0.0,1,2
sim_20260501000509_05ffdb7c95,29,86.56000000000023,6.55480291740821,0.01,6.0,6.0,1,1.376668952052714,0.20689655172413793,0.0,1,1
sim_20260501000509_d0227d3b23,25,86.67000000000021,9.285182715841017,0.012,6.0,6.0,1,2.425526316562076,0.24,0.0,1,5
sim_20260501000510_4cdb4bbea2,28,72.40000000000018,7.112522243477372,0.01,5.0,5.0,1,1.6017919564858734,0.0,0.0,1,5
sim_20260501000510_cfb1e6fa6b,25,86.54000000000022,9.089275729788113,0.012,6.0,6.0,1,2.2598029716670722,0.24,0.04,1,3
sim_20260501000510_e00558b8f7,26,85.90000000000023,9.778857914846895,0.01,6.0,6.0,1,2.647676195084137,0.23076923076923078,0.038461538461538464,1,1
sim_20260501000510_649c86faa0,26,86.48000000000022,9.855432482968695,0.012,6.0,6.0,1,2.426790749389359,0.23076923076923078,0.0,1,5
sim_20260501000510_fbf935d06b,28,86.99000000000021,6.605831574959012,0.01,6.0,6.0,1,1.3266238777438866,0.21428571428571427,0.0,1,2
sim_20260501000510_1ebdaf9ecb,29,86.69000000000023,6.998469270005501,0.012,6.0,6.0,1,1.8170532823743015,0.20689655172413793,0.0,1,5
sim_20260501000510_c253ba4aeb,26,57.75000000000015,3.9356733311583127,0.008,4.0,4.0,1,0.5825771855443914,0.0,0.0,2,8
sim_20260501000510_bfb53330cf,26,86.17000000000023,8.836951038368085,0.01,6.0,6.0,1,2.4256364160248625,0.23076923076923078,0.0,1,1
sim_20260501000510_a737ea3b26,25,86.98000000000022,6.644863736618788,0.01,3.0,4.0,2,1.3692670870559869,0.24,0.0,1,2
sim_20260501000510_639b56fc65,28,86.28000000000023,7.034428644662995,0.012,3.0,3.0,2,1.7929581501598517,0.07142857142857142,0.0,1,5
sim_20260501000510_441769c02c,30,86.99000000000021,6.583763574165431,0.01,6.0,6.0,1,1.324726945364155,0.0,0.0,1,2
sim_20260501000510_598197bd39,29,86.99000000000021,6.5869415999797525,0.01,3.0,4.0,2,1.3461909357435502,0.20689655172413793,0.0,1,2
sim_20260501000511_c494e38b6e,25,85.93000000000023,8.911484235154376,0.01,6.0,6.0,1,2.337110414751139,0.24,0.0,1,1
sim_20260501000511_57d45939cd,26,86.98000000000022,6.654309751399836,0.01,6.0,6.0,1,1.383190662687734,0.23076923076923078,0.0,1,2
sim_20260501000511_b93500d8c2,29,84.82000000000026,9.046868683636774,0.012,6.0,6.0,1,2.0846893158806212,0.1724137931034483,0.0,1,1
sim_20260501000511_f092924eeb,29,99.78000000000029,9.956958937593356,0.012,7.0,7.0,1,2.4673208936191537,0.2413793103448276,0.0,1,1
sim_20260501000511_6d6f9d15c3,27,86.04000000000023,9.111853886448586,0.012,6.0,6.0,1,2.46840852263637,0.2222222222222222,0.0,2,8
sim_20260501000511_063928a9c1,25,86.83000000000021,7.448818017254524,0.012,3.0,3.0,2,1.9467844446311613,0.24,0.0,1,5
sim_20260501000511_be8d02bde6,28,86.98000000000022,6.610664665035955,0.01,3.0,4.0,2,1.3468081863763952,0.21428571428571427,0.0,1,2
sim_20260501000511_835931b2bd,31,86.63000000000022,9.47125252936388,0.01,6.0,6.0,1,2.524109560047924,0.1935483870967742,0.0,1,5
sim_20260501000511_c79ca063ee,33,86.99000000000021,6.707176590247855,0.01,3.0,4.0,2,1.3525839334858238,0.18181818181818182,0.0,1,2
sim_20260501000511_7de68f3726,26,86.98000000000022,6.654309751399836,0.01,6.0,6.0,1,1.383190662687734,0.23076923076923078,0.0,1,2
sim_20260501000511_c2470e9a7d,30,85.77000000000024,8.79588702521346,0.012,6.0,6.0,1,1.9638198731553334,0.2,0.03333333333333333,1,5
sim_20260501000511_33d92eeb79,33,86.56000000000023,6.515540242953051,0.012,3.0,4.0,2,1.3885158598229248,0.0,0.0,1,1
sim_20260501000512_df9c64e178,27,57.75000000000015,3.9767457512808733,0.008,2.0,2.0,2,0.5988618288427106,0.0,0.0,2,8
sim_20260501000512_f4426340ff,35,86.98000000000022,6.580883237587528,0.01,6.0,6.0,1,1.396290128362124,0.11428571428571428,0.02857142857142857,1,2
sim_20260501000512_33bb955428,33,86.99000000000021,6.64803884492531,0.01,3.0,4.0,2,1.3996244624662346,0.18181818181818182,0.030303030303030304,1,2
sim_20260501000512_1e00a33f62,26,86.21000000000024,8.859797009081717,0.012,6.0,6.0,1,2.3234177693413325,0.23076923076923078,0.0,1,1
sim_20260501000512_fc7f71f6b7,31,86.99000000000021,6.643868057175212,0.01,6.0,6.0,1,1.382593555530574,0.1935483870967742,0.0,1,2
sim_20260501000512_1992fa2a36,29,86.99000000000021,6.612756758134424,0.01,6.0,6.0,1,1.3193097215222076,0.20689655172413793,0.0,1,2
sim_20260501000512_24f011ce1f,26,86.68000000000022,6.692789810390877,0.01,3.0,4.0,2,1.2433929044090957,0.0,0.0,1,10
sim_20260501000512_b633ad50b5,28,86.77000000000022,6.995632673463433,0.012,6.0,6.0,1,1.8025508869729363,0.21428571428571427,0.03571428571428571,1,5
sim_20260501000512_dea828d9de,26,85.90000000000023,9.778857914846895,0.012,6.0,6.0,1,2.647676195084137,0.23076923076923078,0.038461538461538464,1,1
sim_20260501000512_e2adbb7fa7,25,85.68000000000023,9.528753940857882,0.008,6.0,6.0,1,2.468133748484937,0.24,0.0,1,1
sim_20260501000512_04f79348dd,26,86.68000000000022,6.662540924921046,0.01,3.0,4.0,2,1.2587659097011206,0.23076923076923078,0.0,1,10
sim_20260501000512_5c2460f65f,26,86.68000000000022,6.662540924921046,0.01,3.0,4.0,2,1.2587659097011206,0.23076923076923078,0.0,1,10
sim_20260501000513_02498d9daf,26,86.56000000000023,9.768423723234065,0.01,6.0,6.0,1,2.6154366842253545,0.23076923076923078,0.0,1,5
sim_20260501000513_bc5a404f70,28,86.01000000000023,9.068220180347055,0.01,6.0,6.0,1,2.5507643215629012,0.21428571428571427,0.0,2,8
sim_20260501000513_dd35a10942,30,86.62000000000022,6.65169615454775,0.01,6.0,6.0,1,1.275351980211083,0.2,0.0,1,1
sim_20260501000513_d207e2de81,27,86.20000000000023,7.052857973132745,0.012,6.0,6.0,1,1.6228537647308539,0.2222222222222222,0.0,1,3
sim_20260501000513_90985c40a2,26,86.17000000000023,8.836951038368085,0.01,6.0,6.0,1,2.4256364160248625,0.23076923076923078,0.0,1,1
sim_20260501000513_5b8f3d1e17,32,86.39000000000023,9.93463792423944,0.012,6.0,6.0,1,2.657364808644481,0.1875,0.0,1,5
sim_20260501000513_316b0e4757,29,86.53000000000023,8.624386024277129,0.012,6.0,6.0,1,2.4705343896811334,0.20689655172413793,0.0,2,8
sim_20260501000513_41905a8f11,26,86.79000000000022,7.485177066240368,0.01,3.0,3.0,2,1.907155009509955,0.23076923076923078,0.0,1,5
sim_20260501000513_76f339b953,26,100.55000000000027,9.950049479040075,0.014,7.0,7.0,1,2.1817763345055585,0.2692307692307692,0.0,1,2
sim_20260501000513_f8a5b187c4,28,86.98000000000022,6.610664665035955,0.01,3.0,4.0,2,1.3468081863763952,0.21428571428571427,0.0,1,2
sim_20260501000513_b7384f5594,35,86.60000000000022,6.653854450666444,0.012,6.0,6.0,1,1.3924519091997203,0.17142857142857143,0.0,1,1
sim_20260501000513_f5f24b999b,27,86.39000000000023,9.102412685048392,0.01,6.0,6.0,1,2.3441134612001333,0.2222222222222222,0.0,1,3
sim_20260501000513_0e09a424d4,34,86.98000000000022,6.624769567528517,0.01,3.0,4.0,2,1.3743724440049958,0.17647058823529413,0.029411764705882353,1,2
sim_20260501000514_015d5b5869,29,84.82000000000026,9.046868683636774,0.012,6.0,6.0,1,2.0846893158806212,0.1724137931034483,0.0,1,1
sim_20260501000514_8dcb635e7e,27,86.20000000000023,7.052857973132745,0.012,6.0,6.0,1,1.6228537647308539,0.2222222222222222,0.0,1,3
sim_20260501000514_8447983988,31,86.20000000000023,8.1266182787748,0.012,3.0,3.0,2,2.3587806606402784,0.1935483870967742,0.0,2,8
sim_20260501000514_6e4b4c4404,32,86.47000000000023,9.39655584640522,0.01,6.0,6.0,1,2.4678444103096653,0.1875,0.0,1,5
sim_20260501000514_64d3c51ef8,26,57.75000000000015,3.9356733311583127,0.008,2.0,2.0,2,0.5825771855443914,0.0,0.0,2,8
sim_20260501000514_cc00fb33a3,29,86.98000000000022,6.629459427217171,0.01,3.0,4.0,2,1.3869463042774546,0.20689655172413793,0.0,1,2
sim_20260501000514_3eaa701c0d,25,86.99000000000021,6.740926126005917,0.01,3.0,4.0,2,1.3667734246285577,0.24,0.0,1,2
sim_20260501000514_476483332c,27,86.49000000000022,9.695558850313375,0.01,6.0,6.0,1,2.46857387423341,0.2222222222222222,0.0,1,5
sim_20260501000514_62b5c963f4,26,86.21000000000024,8.859797009081717,0.012,6.0,6.0,1,2.3234177693413325,0.23076923076923078,0.0,1,1
sim_20260501000514_8759cfd0a2,26,86.68000000000022,6.564646340021028,0.01,3.0,4.0,2,1.1890679267559292,0.23076923076923078,0.0,1,10
sim_20260501000514_46ab2333b2,34,85.83000000000024,8.119548269804994,0.012,6.0,6.0,1,1.9990186115877016,0.17647058823529413,0.0,1,1
